-- MySQL dump 10.13  Distrib 8.0.36, for Win64 (x86_64)
--
-- Host: 127.0.0.1    Database: farhan
-- ------------------------------------------------------
-- Server version	8.3.0

/*!40101 SET @OLD_CHARACTER_SET_CLIENT=@@CHARACTER_SET_CLIENT */;
/*!40101 SET @OLD_CHARACTER_SET_RESULTS=@@CHARACTER_SET_RESULTS */;
/*!40101 SET @OLD_COLLATION_CONNECTION=@@COLLATION_CONNECTION */;
/*!50503 SET NAMES utf8 */;
/*!40103 SET @OLD_TIME_ZONE=@@TIME_ZONE */;
/*!40103 SET TIME_ZONE='+00:00' */;
/*!40014 SET @OLD_UNIQUE_CHECKS=@@UNIQUE_CHECKS, UNIQUE_CHECKS=0 */;
/*!40014 SET @OLD_FOREIGN_KEY_CHECKS=@@FOREIGN_KEY_CHECKS, FOREIGN_KEY_CHECKS=0 */;
/*!40101 SET @OLD_SQL_MODE=@@SQL_MODE, SQL_MODE='NO_AUTO_VALUE_ON_ZERO' */;
/*!40111 SET @OLD_SQL_NOTES=@@SQL_NOTES, SQL_NOTES=0 */;

--
-- Table structure for table `admin`
--

DROP TABLE IF EXISTS `admin`;
/*!40101 SET @saved_cs_client     = @@character_set_client */;
/*!50503 SET character_set_client = utf8mb4 */;
CREATE TABLE `admin` (
  `ID_Admin` int NOT NULL,
  `username` varchar(20) NOT NULL,
  `password` varchar(20) NOT NULL,
  PRIMARY KEY (`ID_Admin`)
) ENGINE=InnoDB DEFAULT CHARSET=utf8mb4 COLLATE=utf8mb4_0900_ai_ci;
/*!40101 SET character_set_client = @saved_cs_client */;

--
-- Dumping data for table `admin`
--

LOCK TABLES `admin` WRITE;
/*!40000 ALTER TABLE `admin` DISABLE KEYS */;
INSERT INTO `admin` VALUES (1,'Admin','admin#1234'),(2,'admin2','admin@1234');
/*!40000 ALTER TABLE `admin` ENABLE KEYS */;
UNLOCK TABLES;

--
-- Table structure for table `dasboard`
--

DROP TABLE IF EXISTS `dasboard`;
/*!40101 SET @saved_cs_client     = @@character_set_client */;
/*!50503 SET character_set_client = utf8mb4 */;
CREATE TABLE `dasboard` (
  `ID` int NOT NULL,
  `Saran` varchar(45) DEFAULT NULL,
  `Kategori` varchar(45) DEFAULT NULL,
  `Tanggal` date DEFAULT NULL,
  PRIMARY KEY (`ID`)
) ENGINE=InnoDB DEFAULT CHARSET=utf8mb3;
/*!40101 SET character_set_client = @saved_cs_client */;

--
-- Dumping data for table `dasboard`
--

LOCK TABLES `dasboard` WRITE;
/*!40000 ALTER TABLE `dasboard` DISABLE KEYS */;
/*!40000 ALTER TABLE `dasboard` ENABLE KEYS */;
UNLOCK TABLES;

--
-- Table structure for table `guest`
--

DROP TABLE IF EXISTS `guest`;
/*!40101 SET @saved_cs_client     = @@character_set_client */;
/*!50503 SET character_set_client = utf8mb4 */;
CREATE TABLE `guest` (
  `id` int NOT NULL AUTO_INCREMENT,
  `nama` varchar(50) NOT NULL,
  `telepon` varchar(50) NOT NULL,
  `keperluan` varchar(50) NOT NULL,
  `tujuan` varchar(50) NOT NULL,
  `waktu` datetime NOT NULL,
  `status` varchar(20) DEFAULT 'waiting',
  PRIMARY KEY (`id`)
) ENGINE=InnoDB AUTO_INCREMENT=90000032 DEFAULT CHARSET=utf8mb4 COLLATE=utf8mb4_0900_ai_ci;
/*!40101 SET character_set_client = @saved_cs_client */;

--
-- Dumping data for table `guest`
--

LOCK TABLES `guest` WRITE;
/*!40000 ALTER TABLE `guest` DISABLE KEYS */;
INSERT INTO `guest` VALUES (90000020,'FIRMAN NUR BUDIMAN','07886785243','untuk mengikut pkl','pak lukman','2024-10-01 12:47:45','completed'),(90000021,'Firman','087880383','pkl','pak lukman','2024-10-02 11:35:45','waiting'),(90000022,'reza','07886785243','untuk ketemuan','pak agus','2024-10-03 08:24:36','completed'),(90000023,'ali','07883332211','untuk magang','pak agus','2024-10-03 09:00:11','completed'),(90000024,'Fahmi','8342122662','Interview','Produksi','2024-10-03 15:08:28','waiting'),(90000025,'Dedi','8890457938','Interview Meeting','Produksi','2024-10-03 15:08:58','waiting'),(90000026,'Dedi','8113706252','Interview','IT','2024-10-03 15:09:20','waiting'),(90000027,'Gita','8346871607','Penawaran Produk','HRD','2024-10-03 15:09:41','waiting'),(90000028,'Andi','8643819704','Pengiriman Dokumen','Keuangan','2024-10-03 15:10:03','waiting'),(90000029,'Indah','8777702288','Layanan Teknis','IT','2024-10-03 15:10:23','waiting'),(90000030,'Citra','8975353573','Meeting','Produksi','2024-10-03 15:10:49','waiting'),(90000031,'Budi','8962222123','Interview','HRD','2024-09-03 15:14:18','waiting');
/*!40000 ALTER TABLE `guest` ENABLE KEYS */;
UNLOCK TABLES;

--
-- Table structure for table `hasil_kuesioner`
--

DROP TABLE IF EXISTS `hasil_kuesioner`;
/*!40101 SET @saved_cs_client     = @@character_set_client */;
/*!50503 SET character_set_client = utf8mb4 */;
CREATE TABLE `hasil_kuesioner` (
  `ID` int NOT NULL,
  `Nama` varchar(45) DEFAULT NULL,
  `Status` varchar(45) DEFAULT NULL,
  `Tanggal` date DEFAULT NULL,
  PRIMARY KEY (`ID`)
) ENGINE=InnoDB DEFAULT CHARSET=utf8mb3;
/*!40101 SET character_set_client = @saved_cs_client */;

--
-- Dumping data for table `hasil_kuesioner`
--

LOCK TABLES `hasil_kuesioner` WRITE;
/*!40000 ALTER TABLE `hasil_kuesioner` DISABLE KEYS */;
/*!40000 ALTER TABLE `hasil_kuesioner` ENABLE KEYS */;
UNLOCK TABLES;

--
-- Table structure for table `jawaban`
--

DROP TABLE IF EXISTS `jawaban`;
/*!40101 SET @saved_cs_client     = @@character_set_client */;
/*!50503 SET character_set_client = utf8mb4 */;
CREATE TABLE `jawaban` (
  `id` int NOT NULL AUTO_INCREMENT,
  `id_pertanyaan` int NOT NULL,
  `jawaban` varchar(255) NOT NULL,
  `id_users` int NOT NULL,
  PRIMARY KEY (`id`),
  KEY `id_pertanyaan` (`id_pertanyaan`),
  KEY `id_users` (`id_users`),
  CONSTRAINT `jawaban_ibfk_1` FOREIGN KEY (`id_pertanyaan`) REFERENCES `pertanyaan` (`id`),
  CONSTRAINT `jawaban_ibfk_2` FOREIGN KEY (`id_users`) REFERENCES `users` (`id`)
) ENGINE=InnoDB AUTO_INCREMENT=3317 DEFAULT CHARSET=utf8mb4 COLLATE=utf8mb4_0900_ai_ci;
/*!40101 SET character_set_client = @saved_cs_client */;

--
-- Dumping data for table `jawaban`
--

LOCK TABLES `jawaban` WRITE;
/*!40000 ALTER TABLE `jawaban` DISABLE KEYS */;
INSERT INTO `jawaban` VALUES (1,1,'Sangat Sesuai',386),(2,4,'Mudah',386),(3,5,'Cepat',386),(4,6,'Sangat Setuju',386),(6,7,'Sesuai',386),(7,8,'Kompeten',386),(8,9,'Divisi Teknisi',386),(9,10,'Sopan dan Ramah',386),(10,11,'Baik',386),(11,12,'Efektif',386),(12,13,'Cukup',386),(13,14,'Layanan Fokus (Foto Gratis Khusus UKM/IKM Kota Cimahi)',386),(14,15,'Kurangnya sosialisasi',386),(15,16,'Dikelola dengan Baik',386),(16,17,'Cukup Bersih',386),(17,18,'Bersih',386),(18,19,'Bersih',386),(19,20,'Bersih',386),(20,21,'Bersih',386),(21,1,'Sangat Sesuai',387),(23,4,'Mudah',387),(24,5,'Cepat',387),(25,6,'Setuju',387),(26,7,'Sesuai',387),(27,8,'.',387),(28,9,'Kompeten',387),(29,10,'Divisi Pelayanan;Divisi Teknisi',387),(30,11,'Sopan dan Ramah',387),(31,12,'Cukup',387),(32,13,'Efektif',387),(33,14,'.',387),(34,15,'terminal stopkontak',387),(35,16,'Layanan Sarana Prasarana Gedung Cimahi Techno Park dan BITC, Layanan Studio Foto &, Layanan Studio Dubbing',387),(36,17,'.',387),(37,18,'Dikelola dengan Baik',387),(38,19,'Cukup Bersih',387),(39,20,'Cukup Bersih',387),(40,21,'Cukup Bersih',387),(41,22,'Cukup Bersih',387),(42,23,'Cukup Bersih',387),(43,1,'Sesuai',388),(44,4,'Mudah',388),(45,5,'Cepat',388),(46,6,'Setuju',388),(47,7,'Sesuai',388),(48,8,'dari saya sudah cukup baik sejauh ini',388),(49,9,'Kompeten',388),(50,10,'Divisi Pelayanan',388),(51,11,'Sangat Sopan dan Ramah',388),(52,12,'Baik',388),(53,13,'Efektif',388),(54,14,'untuk sistem aplikasi menurut saya sudah efektif sejauh ini',388),(55,15,'menurut saya sarana yang harus di tambahkan yaitu stopkontak karena di sini sangat minim',388),(56,16,'Layanan PKL/magang kerja/penelitian',388),(57,17,'untuk layanan pkl menurut saya untuk data yang akan dikumpulkan ke perusahaan sebaiknya berbentuk form saja untuk pengumpulannya',388),(58,18,'Berfungsi Kurang Maksimal',388),(59,19,'Cukup Bersih',388),(60,20,'Cukup Bersih',388),(61,21,'Cukup Bersih',388),(62,22,'Cukup Bersih',388),(63,23,'Cukup Bersih',388),(64,1,'Sangat Sesuai',389),(65,4,'Sangat Mudah',389),(66,5,'Sangat Cepat',389),(67,6,'Sangat Setuju',389),(68,7,'Sangat Sesuai',389),(69,8,'sesuai',389),(70,9,'Kompeten',389),(71,10,'Divisi Keamanan',389),(72,11,'Sopan dan Ramah',389),(73,12,'Baik',389),(74,13,'Sangat efektif',389),(75,14,'sangat efektif',389),(76,15,'tidak ada',389),(77,16,'Layanan Cimahi Makerspace',389),(78,17,'sesuai',389),(79,18,'Dikelola dengan Baik',389),(80,19,'Bersih',389),(81,20,'Bersih',389),(82,21,'Bersih',389),(83,22,'Bersih',389),(84,23,'Bersih',389),(85,1,'Sangat Sesuai',390),(86,4,'Sangat Mudah',390),(87,5,'Sangat Cepat',390),(88,6,'Sangat Setuju',390),(89,7,'Sangat Sesuai',390),(90,8,'',390),(91,9,'Sangat Kompeten',390),(92,10,'Divisi Kebersihan',390),(93,11,'Sangat Sopan dan Ramah',390),(94,12,'Sangat Baik',390),(95,13,'Sangat efektif',390),(96,14,'',390),(97,15,'Terminal /stop kontak',390),(98,16,'Layanan Sarana Prasarana Gedung Cimahi Techno Park dan BITC, Layanan Studio Foto &, Layanan Studio Dubbing',390),(99,17,'-',390),(100,18,'Dikelola dengan Baik',390),(101,19,'Bersih',390),(102,20,'Bersih',390),(103,21,'Bersih',390),(104,22,'Bersih',390),(105,23,'Bersih',390),(106,1,'Sangat Sesuai',391),(107,4,'Sangat Mudah',391),(108,5,'Sangat Cepat',391),(109,6,'Sangat Setuju',391),(110,7,'Sangat Sesuai',391),(111,8,'-',391),(112,9,'Kompeten',391),(113,10,'Divisi Kebersihan',391),(114,11,'Sangat Sopan dan Ramah',391),(115,12,'Baik',391),(116,13,'Efektif',391),(117,14,'-',391),(118,15,'-',391),(119,16,'Layanan Sarana Prasarana Gedung Cimahi Techno Park dan BITC, Layanan Studio Foto &, Layanan Studio Dubbing',391),(120,17,'-',391),(121,18,'Dikelola dengan Baik',391),(122,19,'Bersih',391),(123,20,'Bersih',391),(124,21,'Bersih',391),(125,22,'Bersih',391),(126,23,'Bersih',391),(127,1,'Sangat Sesuai',392),(128,4,'Sangat Mudah',392),(129,5,'Sangat Cepat',392),(130,6,'Sangat Setuju',392),(131,7,'Sangat Sesuai',392),(132,8,'',392),(133,9,'Kompeten',392),(134,10,'Divisi Kebersihan',392),(135,11,'Sopan dan Ramah',392),(136,12,'Baik',392),(137,13,'Efektif',392),(138,14,'',392),(139,15,'Tempat tisu, gelas dan tutup gelas utk melayani Walikota, taplak meja tamu',392),(140,16,'Layanan Sarana Prasarana Gedung Cimahi Techno Park dan BITC, Layanan Studio Foto &, Layanan Studio Dubbing',392),(141,17,'Karna pali g seri g digunakan',392),(142,18,'Dikelola dengan Baik',392),(143,19,'Bersih',392),(144,20,'Bersih',392),(145,21,'Bersih',392),(146,22,'Bersih',392),(147,23,'Bersih',392),(148,1,'Sesuai',393),(149,4,'Mudah',393),(150,5,'Kurang Cepat',393),(151,6,'Setuju',393),(152,7,'Sesuai',393),(153,8,'-',393),(154,9,'Kompeten',393),(155,10,'Divisi Pelayanan',393),(156,11,'Sopan dan Ramah',393),(157,12,'Cukup',393),(158,13,'Efektif',393),(159,14,'-',393),(160,15,'stop kontak',393),(161,16,'Layanan PKL/magang kerja/penelitian',393),(162,17,'untuk pendaftarannya masih suka di lempar lempar',393),(163,18,'Berfungsi Kurang Maksimal',393),(164,19,'Cukup Bersih',393),(165,20,'Cukup Bersih',393),(166,21,'Cukup Bersih',393),(167,22,'Bersih',393),(168,23,'Bersih',393),(169,1,'Sesuai',394),(170,4,'Sangat Mudah',394),(171,5,'Cepat',394),(172,6,'Setuju',394),(173,7,'Sesuai',394),(174,8,'',394),(175,9,'Kompeten',394),(176,10,'Divisi Kebersihan',394),(177,11,'Sopan dan Ramah',394),(178,12,'Baik',394),(179,13,'Efektif',394),(180,14,'',394),(181,15,'Kebersihan',394),(182,16,'Layanan Sarana Prasarana Gedung Cimahi Techno Park dan BITC, Layanan Studio Foto &, Layanan Studio Dubbing',394),(183,17,'Untuk bisa menunjang kebutuhan masyarakat',394),(184,18,'Dikelola dengan Baik',394),(185,19,'Cukup Bersih',394),(186,20,'Cukup Bersih',394),(187,21,'Bersih',394),(188,22,'Cukup Bersih',394),(189,23,'Bersih',394),(190,1,'Sesuai',395),(191,4,'Kurang Mudah',395),(192,5,'Cepat',395),(193,6,'Setuju',395),(194,7,'Sesuai',395),(195,8,'Peminjaman harus secara online, namun beberapa kali selalu terkendala (error)',395),(196,9,'Kompeten',395),(197,10,'Divisi Pelayanan;Divisi Teknisi',395),(198,11,'Sopan dan Ramah',395),(199,12,'Baik',395),(200,13,'Efektif',395),(201,14,'Efektif',395),(202,15,'Cukup',395),(203,16,'Layanan Sarana Prasarana Gedung Cimahi Techno Park dan BITC, Layanan Studio Foto &, Layanan Studio Dubbing',395),(204,17,'Di upgrade krn sudah ada beberapa sarpras yang sudah rusak',395),(205,18,'Dikelola dengan Baik',395),(206,19,'Cukup Bersih',395),(207,20,'Cukup Bersih',395),(208,21,'Cukup Bersih',395),(209,22,'Cukup Bersih',395),(210,23,'Bersih',395),(211,1,'Sesuai',396),(212,4,'Mudah',396),(213,5,'Cepat',396),(214,6,'Setuju',396),(215,7,'Sesuai',396),(216,8,'',396),(217,9,'Kompeten',396),(218,10,'Divisi Teknisi',396),(219,11,'Sopan dan Ramah',396),(220,12,'Baik',396),(221,13,'Efektif',396),(222,14,'',396),(223,15,'Pada saat senam agak kurang nyaman dilapangan apel karena kurang rapat papingblok nya',396),(224,16,'Layanan PKL/magang kerja/penelitian',396),(225,17,'Masih banyak yg butuh pekerjaan',396),(226,18,'Dikelola dengan Baik',396),(227,19,'Cukup Bersih',396),(228,20,'Cukup Bersih',396),(229,21,'Bersih',396),(230,22,'Bersih',396),(231,23,'Bersih',396),(232,1,'Sangat Sesuai',397),(233,4,'Mudah',397),(234,5,'Cepat',397),(235,6,'Setuju',397),(236,7,'Sesuai',397),(237,8,'-',397),(238,9,'Kompeten',397),(239,10,'Divisi Kebersihan;Divisi Teknisi',397),(240,11,'Sopan dan Ramah',397),(241,12,'Sangat Baik',397),(242,13,'Efektif',397),(243,14,'-',397),(244,15,'1. jenis meja rountable yg seharusnya dimiliki oleh CTP\n2. tambahan sofa untuk 6 orang dengan kepentingan untuk di mimbar acara2 diskusi\n3. Meja stand sudah banyak yg rusak baiknya pengadaan perbaikan atau nambah lagi\n4. Tempat untuk menyangga Bendera ser',397),(245,16,'Layanan PKL/magang kerja/penelitian;Layanan Fokus (Foto Gratis Khusus UKM/IKM Kota Cimahi)',397),(246,17,'agar smakin banyak UMKM naik kelas dan difasilitasi kemudahannya oleh CTP pemerintah',397),(247,18,'Dikelola dengan Baik',397),(248,19,'Cukup Bersih',397),(249,20,'Cukup Bersih',397),(250,21,'Bersih',397),(251,22,'Bersih',397),(252,23,'Bersih',397),(253,1,'Sangat Sesuai',398),(254,4,'Sangat Mudah',398),(255,5,'Sangat Cepat',398),(256,6,'Setuju',398),(257,7,'Sangat Sesuai',398),(258,8,'Tidak ada',398),(259,9,'Sangat Kompeten',398),(260,10,'Divisi Keamanan',398),(261,11,'Sopan dan Ramah',398),(262,12,'Sangat Baik',398),(263,13,'Sangat efektif',398),(264,14,'Tidak ada',398),(265,15,'Sudah cukup',398),(266,16,'Layanan Sarana Prasarana Gedung Cimahi Techno Park dan BITC, Layanan Studio Foto &, Layanan Studio Dubbing',398),(267,17,'Butuh penanda di jalan utama menuju gedung',398),(268,18,'Dikelola dengan Baik',398),(269,19,'Bersih',398),(270,20,'Bersih',398),(271,21,'Bersih',398),(272,22,'Bersih',398),(273,23,'Bersih',398),(274,1,'Sesuai',399),(275,4,'Mudah',399),(276,5,'Cepat',399),(277,6,'Setuju',399),(278,7,'Sesuai',399),(279,8,'sesuai',399),(280,9,'Kompeten',399),(281,10,'Divisi Kebersihan',399),(282,11,'Sopan dan Ramah',399),(283,12,'Cukup',399),(284,13,'Efektif',399),(285,14,'sesuai',399),(286,15,'sesuai',399),(287,16,'Layanan Sarana Prasarana Gedung Cimahi Techno Park dan BITC, Layanan Studio Foto &, Layanan Studio Dubbing',399),(288,17,'kebersihan',399),(289,18,'Dikelola dengan Baik',399),(290,19,'Cukup Bersih',399),(291,20,'Cukup Bersih',399),(292,21,'Cukup Bersih',399),(293,22,'Cukup Bersih',399),(294,23,'Cukup Bersih',399),(295,1,'Sesuai',400),(296,4,'Mudah',400),(297,5,'Cepat',400),(298,6,'Setuju',400),(299,7,'Sesuai',400),(300,8,'',400),(301,9,'Kompeten',400),(302,10,'Divisi Kebersihan;Divisi Keamanan;Divisi Pelayanan;Divisi Teknisi',400),(303,11,'Sopan dan Ramah',400),(304,12,'Baik',400),(305,13,'Efektif',400),(306,14,'Tidak ada',400),(307,15,'Layanan Sarana Prasarana Gedung Cimahi Techno Park dan BITC, Layanan Studio Foto &, Layanan Studio Dubbing',400),(308,16,'Supaya lebih bagus',400),(309,17,'Dikelola dengan Baik',400),(310,18,'Bersih',400),(311,19,'Bersih',400),(312,20,'Bersih',400),(313,21,'Bersih',400),(314,22,'Bersih',400),(315,1,'Sesuai',401),(316,4,'Mudah',401),(317,5,'Cepat',401),(318,6,'Setuju',401),(319,7,'Sesuai',401),(320,8,'sudah cukup bagus',401),(321,9,'Kompeten',401),(322,10,'Divisi Kebersihan;Divisi Pelayanan',401),(323,11,'Sopan dan Ramah',401),(324,12,'Baik',401),(325,13,'Sangat efektif',401),(326,14,'sangat efektif',401),(327,15,'wc nya kalo bisa di tambah dan kebersihannya di tingkatkan',401),(328,16,'Layanan Sarana Prasarana Gedung Cimahi Techno Park dan BITC, Layanan Studio Foto &, Layanan Studio Dubbing;Layanan PKL/magang kerja/penelitian',401),(329,17,'terlalu kecil untuk di perluas',401),(330,18,'Berfungsi Kurang Maksimal',401),(331,19,'Cukup Bersih',401),(332,20,'Cukup Bersih',401),(333,21,'Cukup Bersih',401),(334,22,'Cukup Bersih',401),(335,23,'Cukup Bersih',401),(336,1,'Sesuai',402),(337,4,'Mudah',402),(338,5,'Cepat',402),(339,6,'Setuju',402),(340,7,'Sesuai',402),(341,8,'-',402),(342,9,'Kompeten',402),(343,10,'Divisi Kebersihan',402),(344,11,'Sopan dan Ramah',402),(345,12,'Cukup',402),(346,13,'Efektif',402),(347,14,'-',402),(348,15,'Lift',402),(349,16,'Layanan Sarana Prasarana Gedung Cimahi Techno Park dan BITC, Layanan Studio Foto &, Layanan Studio Dubbing',402),(350,17,'-',402),(351,18,'Berfungsi Kurang Maksimal',402),(352,19,'Cukup Bersih',402),(353,20,'Cukup Bersih',402),(354,21,'Cukup Bersih',402),(355,22,'Cukup Bersih',402),(356,23,'Cukup Bersih',402),(357,1,'Sangat Sesuai',403),(358,4,'Sangat Mudah',403),(359,5,'Sangat Cepat',403),(360,6,'Sangat Setuju',403),(361,7,'Sangat Sesuai',403),(362,8,'',403),(363,9,'Sangat Kompeten',403),(364,10,'Divisi Kebersihan',403),(365,11,'Sangat Sopan dan Ramah',403),(366,12,'Sangat Baik',403),(367,13,'Sangat efektif',403),(368,14,'',403),(369,15,'round table',403),(370,16,'Layanan Sarana Prasarana Gedung Cimahi Techno Park dan BITC, Layanan Studio Foto &, Layanan Studio Dubbing',403),(371,17,'karena sarpraa merupakan layanan utama.di ctp',403),(372,18,'Dikelola dengan Baik',403),(373,19,'Bersih',403),(374,20,'Bersih',403),(375,21,'Bersih',403),(376,22,'Bersih',403),(377,23,'Bersih',403),(378,1,'Sesuai',404),(379,4,'Kurang Mudah',404),(380,5,'Kurang Cepat',404),(381,6,'Setuju',404),(382,7,'Sesuai',404),(383,8,'ACC peminjaman nya yg aga lama',404),(384,9,'Kompeten',404),(385,10,'Divisi Pelayanan',404),(386,11,'Sopan dan Ramah',404),(387,12,'Baik',404),(388,13,'Efektif',404),(389,14,'Kurang cepat jawabannya',404),(390,15,'Cukup',404),(391,16,'Layanan Sarana Prasarana Gedung Cimahi Techno Park dan BITC, Layanan Studio Foto &, Layanan Studio Dubbing',404),(392,17,'-',404),(393,18,'Berfungsi Kurang Maksimal',404),(394,19,'Cukup Bersih',404),(395,20,'Cukup Bersih',404),(396,21,'Bersih',404),(397,22,'Bersih',404),(398,23,'Bersih',404),(399,1,'Sesuai',405),(400,4,'Mudah',405),(401,5,'Cepat',405),(402,6,'Setuju',405),(403,7,'Sesuai',405),(404,8,'Sesuai',405),(405,9,'Kompeten',405),(406,10,'Divisi Pelayanan',405),(407,11,'Sopan dan Ramah',405),(408,12,'Baik',405),(409,13,'Efektif',405),(410,14,'Menurut saya pakai aplikasi sudah lebih efektif',405),(411,15,'Sudah cukup',405),(412,16,'Layanan Sarana Prasarana Gedung Cimahi Techno Park dan BITC, Layanan Studio Foto &, Layanan Studio Dubbing',405),(413,17,'Pelayanan sudah baik, orang nya ramah',405),(414,18,'Berfungsi Kurang Maksimal',405),(415,19,'Cukup Bersih',405),(416,20,'Cukup Bersih',405),(417,21,'Cukup Bersih',405),(418,22,'Cukup Bersih',405),(419,23,'Cukup Bersih',405),(420,1,'Sesuai',406),(421,4,'Mudah',406),(422,5,'Cepat',406),(423,6,'Setuju',406),(424,7,'Sesuai',406),(425,8,'Sudah baik dan sesuai',406),(426,9,'Kompeten',406),(427,10,'Divisi Keamanan',406),(428,11,'Sopan dan Ramah',406),(429,12,'Baik',406),(430,13,'Efektif',406),(431,14,'Suka error/lemot',406),(432,15,'Sudah cukup',406),(433,16,'Layanan PKL/magang kerja/penelitian',406),(434,17,'Karena kurang dengan kerjaannya',406),(435,18,'Dikelola dengan Baik',406),(436,19,'Cukup Bersih',406),(437,20,'Cukup Bersih',406),(438,21,'Bersih',406),(439,22,'Bersih',406),(440,23,'Bersih',406),(441,1,'Sesuai',407),(442,4,'Kurang Mudah',407),(443,5,'Cepat',407),(444,6,'Setuju',407),(445,7,'Sesuai',407),(446,8,'',407),(447,9,'Sangat Kompeten',407),(448,10,'Divisi Kebersihan',407),(449,11,'Sangat Sopan dan Ramah',407),(450,12,'Sangat Baik',407),(451,13,'Efektif',407),(452,14,'LIFT UNTUK KAUM DIFABEL',407),(453,15,'Layanan Sarana Prasarana Gedung Cimahi Techno Park dan BITC, Layanan Studio Foto &, Layanan Studio Dubbing',407),(454,16,'LAYANAN YANG PALING SERING DI PERGUNAKAN',407),(455,17,'Berfungsi Kurang Maksimal',407),(456,18,'Bersih',407),(457,19,'Bersih',407),(458,20,'Bersih',407),(459,21,'Bersih',407),(460,22,'Bersih',407),(461,1,'Sangat Sesuai',408),(462,4,'Sangat Mudah',408),(463,5,'Sangat Cepat',408),(464,6,'Sangat Setuju',408),(465,7,'Sangat Sesuai',408),(466,8,'-',408),(467,9,'Sangat Kompeten',408),(468,10,'Divisi Pelayanan',408),(469,11,'Sangat Sopan dan Ramah',408),(470,12,'Baik',408),(471,13,'Efektif',408),(472,14,'Sudah efektif namun Aplikasi kadang susah di akses',408),(473,15,'Tools agar bahan presentasi dapat berupa video +audio bukan hanya PDF',408),(474,16,'Layanan Sarana Prasarana Gedung Cimahi Techno Park dan BITC, Layanan Studio Foto &, Layanan Studio Dubbing',408),(475,17,'Pada saat penayangan bahan paparan sebagian layar mati',408),(476,18,'Dikelola dengan Baik',408),(477,19,'Bersih',408),(478,20,'Bersih',408),(479,21,'Bersih',408),(480,22,'Bersih',408),(481,23,'Bersih',408),(482,1,'Sangat Sesuai',409),(483,4,'Sangat Mudah',409),(484,5,'Sangat Cepat',409),(485,6,'Setuju',409),(486,7,'Sangat Sesuai',409),(487,8,'-',409),(488,9,'Sangat Kompeten',409),(489,10,'Divisi Kebersihan;Divisi Keamanan;Divisi Pelayanan;Divisi Teknisi',409),(490,11,'Sangat Sopan dan Ramah',409),(491,12,'Sangat Baik',409),(492,13,'Sangat efektif',409),(493,14,'upgrade PC, infokus dll',409),(494,15,'Layanan Sarana Prasarana Gedung Cimahi Techno Park dan BITC, Layanan Studio Foto &, Layanan Studio Dubbing',409),(495,16,'Layanan sarpras mesti selalu ditingkatkan siring dengan perkembangan teknologi, harapannya Cimahi Technopark selalu terdepan dan terunggul dalam layanan dan Sarpras pendukung',409),(496,17,'Dikelola dengan Baik',409),(497,18,'Bersih',409),(498,19,'Bersih',409),(499,20,'Bersih',409),(500,21,'Bersih',409),(501,22,'Bersih',409),(502,1,'Sangat Sesuai',410),(503,4,'Sangat Mudah',410),(504,5,'Sangat Cepat',410),(505,6,'Sangat Setuju',410),(506,7,'Sangat Sesuai',410),(507,8,'-',410),(508,9,'Sangat Kompeten',410),(509,10,'Divisi Pelayanan',410),(510,11,'Sangat Sopan dan Ramah',410),(511,12,'Sangat Baik',410),(512,13,'Sangat efektif',410),(513,14,'Tenda untuk kegiatan',410),(514,15,'Layanan Sarana Prasarana Gedung Cimahi Techno Park dan BITC, Layanan Studio Foto &, Layanan Studio Dubbing',410),(515,16,'-',410),(516,17,'Dikelola dengan Baik',410),(517,18,'Bersih',410),(518,19,'Bersih',410),(519,20,'Bersih',410),(520,21,'Bersih',410),(521,22,'Bersih',410),(522,1,'Sesuai',411),(523,4,'Sangat Mudah',411),(524,5,'Sangat Cepat',411),(525,6,'Setuju',411),(526,7,'Sangat Sesuai',411),(527,8,'.',411),(528,9,'Kompeten',411),(529,10,'Divisi Teknisi',411),(530,11,'Sopan dan Ramah',411),(531,12,'Sangat Baik',411),(532,13,'Sangat efektif',411),(533,14,'.',411),(534,15,'.',411),(535,16,'Layanan Sarana Prasarana Gedung Cimahi Techno Park dan BITC, Layanan Studio Foto &, Layanan Studio Dubbing;Layanan Cimahi Makerspace',411),(536,17,'.',411),(537,18,'Dikelola dengan Baik',411),(538,19,'Cukup Bersih',411),(539,20,'Cukup Bersih',411),(540,21,'Bersih',411),(541,22,'Bersih',411),(542,23,'Bersih',411),(543,1,'Sesuai',412),(544,4,'Sangat Mudah',412),(545,5,'Cepat',412),(546,6,'Setuju',412),(547,7,'Sesuai',412),(548,8,'.',412),(549,9,'Kompeten',412),(550,10,'Divisi Kebersihan',412),(551,11,'Sopan dan Ramah',412),(552,12,'Sangat Baik',412),(553,13,'Sangat efektif',412),(554,14,'Meningkatkan spesifikasi komputer',412),(555,15,'Layanan Sarana Prasarana Gedung Cimahi Techno Park dan BITC, Layanan Studio Foto &, Layanan Studio Dubbing;Layanan Cimahi Makerspace',412),(556,16,'Untuk meningkatkan peluang bagi para pekerja kreatif',412),(557,17,'Dikelola dengan Baik',412),(558,18,'Bersih',412),(559,19,'Bersih',412),(560,20,'Bersih',412),(561,21,'Bersih',412),(562,22,'Bersih',412),(563,1,'Sesuai',413),(564,4,'Mudah',413),(565,5,'Cepat',413),(566,6,'Wajar',413),(567,7,'Sesuai',413),(568,8,'sesuai',413),(569,9,'Kompeten',413),(570,10,'Divisi Kebersihan',413),(571,11,'Sopan dan Ramah',413),(572,12,'Baik',413),(573,13,'Efektif',413),(574,14,'sarana prasarana kebersihan harus lebih ditingkatkan',413),(575,15,'Layanan Sarana Prasarana Gedung Cimahi Techno Park dan BITC, Layanan Studio Foto &, Layanan Studio Dubbing',413),(576,16,'karena untuk pelayanan msh kurang dan hrs lebih ditingkatkan',413),(577,17,'Berfungsi Kurang Maksimal',413),(578,18,'Bersih',413),(579,19,'Bersih',413),(580,20,'Bersih',413),(581,21,'Bersih',413),(582,22,'Bersih',413),(583,1,'Sesuai',414),(584,4,'Mudah',414),(585,5,'Cepat',414),(586,6,'Wajar',414),(587,7,'Sesuai',414),(588,8,'.',414),(589,9,'Kompeten',414),(590,10,'Divisi Teknisi',414),(591,11,'Sopan dan Ramah',414),(592,12,'Baik',414),(593,13,'Efektif',414),(594,14,'Lebih maksimal',414),(595,15,'Teknis',414),(596,16,'Layanan Sarana Prasarana Gedung Cimahi Techno Park dan BITC, Layanan Studio Foto &, Layanan Studio Dubbing',414),(597,17,'Agar lebih maksimal',414),(598,18,'Dikelola dengan Baik',414),(599,19,'Bersih',414),(600,20,'Bersih',414),(601,21,'Bersih',414),(602,22,'Bersih',414),(603,23,'Bersih',414),(604,1,'Sesuai',415),(605,4,'Mudah',415),(606,5,'Cepat',415),(607,6,'Wajar',415),(608,7,'Sesuai',415),(609,8,'.',415),(610,9,'Kompeten',415),(611,10,'Divisi Kebersihan;Divisi Teknisi',415),(612,11,'Kurang Sopan dan Kurang Ramah',415),(613,12,'Cukup',415),(614,13,'Efektif',415),(615,14,'Audio',415),(616,15,'Layanan Sarana Prasarana Gedung Cimahi Techno Park dan BITC (Hall/Creative Corner/Ruang Kelas/Ruang Multimedia/Studio Foto/Dubbing/Ruang Rapat)',415),(617,16,'Audio kurang baik, pencahayaan ruangan kurang',415),(618,17,'Berfungsi Kurang Maksimal',415),(619,18,'Bersih',415),(620,19,'Bersih',415),(621,20,'Bersih',415),(622,21,'Bersih',415),(623,22,'Bersih',415),(624,1,'Sesuai',416),(625,4,'Mudah',416),(626,5,'Cepat',416),(627,6,'Wajar',416),(628,7,'Sesuai',416),(629,8,'.',416),(630,9,'Kompeten',416),(631,10,'Divisi Teknisi',416),(632,11,'Sopan dan Ramah',416),(633,12,'Baik',416),(634,13,'Efektif',416),(635,14,'Videotron agar diperbaiki',416),(636,15,'Layanan Sarana Prasarana Gedung Cimahi Techno Park dan BITC (Hall/Creative Corner/Ruang Kelas/Ruang Multimedia/Studio Foto/Dubbing/Ruang Rapat)',416),(637,16,'-',416),(638,17,'Dikelola dengan Baik',416),(639,18,'Bersih',416),(640,19,'Bersih',416),(641,20,'Bersih',416),(642,21,'Bersih',416),(643,22,'Bersih',416),(644,1,'Sesuai',417),(645,4,'Mudah',417),(646,5,'Kurang Cepat',417),(647,6,'Tidak Wajar',417),(648,7,'Sesuai',417),(649,8,'.',417),(650,9,'Kompeten',417),(651,10,'Divisi Pelayanan;Divisi Teknisi',417),(652,11,'Sopan dan Ramah',417),(653,12,'Baik',417),(654,13,'Efektif',417),(655,14,'Ruang ruang',417),(656,15,'Layanan Cimahi Makerspace',417),(657,16,'Agar meningkatkan layanan di kota Cimahi',417),(658,17,'Lambat/slow respon',417),(659,18,'Cukup Bersih',417),(660,19,'Cukup Bersih',417),(661,20,'Cukup Bersih',417),(662,21,'Cukup Bersih',417),(663,22,'Cukup Bersih',417),(664,1,'Sesuai',418),(665,4,'Kurang Mudah',418),(666,5,'Kurang Cepat',418),(667,6,'Sangat Wajar',418),(668,7,'Sangat Sesuai',418),(669,8,'.',418),(670,9,'Kompeten',418),(671,10,'Divisi Pelayanan',418),(672,11,'Sopan dan Ramah',418),(673,12,'Baik',418),(674,13,'Efektif',418),(675,14,'Kekurangan stop kontak.',418),(676,15,'Layanan PKL/magang kerja/penelitian',418),(677,16,'Karena masih terdapat kekurangan dan perlu di tingkatkan.',418),(678,17,'Berfungsi Kurang Maksimal',418),(679,18,'Cukup Bersih',418),(680,19,'Cukup Bersih',418),(681,20,'Cukup Bersih',418),(682,21,'Cukup Bersih',418),(683,22,'Cukup Bersih',418),(684,1,'Sangat Sesuai',419),(685,4,'Sangat Mudah',419),(686,5,'Sangat Cepat',419),(687,6,'Sangat Wajar',419),(688,7,'Sangat Sesuai',419),(689,8,'.',419),(690,9,'Sangat Kompeten',419),(691,10,'Divisi Kebersihan',419),(692,11,'Sangat Sopan dan Ramah',419),(693,12,'Sangat Baik',419),(694,13,'Sangat efektif',419),(695,14,'Upgrade komputer',419),(696,15,'Layanan Sarana Prasarana Gedung Cimahi Techno Park dan BITC (Hall/Creative Corner/Ruang Kelas/Ruang Multimedia/Studio Foto/Dubbing/Ruang Rapat)',419),(697,16,'Komputer di ruang multimedia sedikit lag, mungkin karena seiring berkembangnya kebutuhan dan teknologi, jadi Software2 juga ikut berkembang sehingga perlu spek komputer yang memadai',419),(698,17,'Dikelola dengan Baik',419),(699,18,'Bersih',419),(700,19,'Bersih',419),(701,20,'Bersih',419),(702,21,'Bersih',419),(703,22,'Bersih',419),(704,1,'Sesuai',420),(705,4,'Sangat Mudah',420),(706,5,'Sangat Cepat',420),(707,6,'Wajar',420),(708,7,'Sesuai',420),(709,8,'.',420),(710,9,'Kompeten',420),(711,10,'Divisi Kebersihan;Divisi Keamanan;Divisi Pelayanan;Divisi Teknisi',420),(712,11,'Sopan dan Ramah',420),(713,12,'Baik',420),(714,13,'Efektif',420),(715,14,'Sarana prasarana sudah cukup baik, namun bukan hanya perlu dipertahankan saja, harus terus ditingkatkan mengikuti pemajuan IPTEK',420),(716,15,'Layanan Sarana Prasarana Gedung Cimahi Techno Park dan BITC (Hall/Creative Corner/Ruang Kelas/Ruang Multimedia/Studio Foto/Dubbing/Ruang Rapat);Layanan Inkubasi Bisnis Teknologi 2024,;Layanan Cimahi Makerspace,;Layanan PKL/magang kerja/penelitian;Layanan ',420),(717,16,'Karena sudah bagus, harapannya bisa continuous improvement',420),(718,17,'Dikelola dengan Baik',420),(719,18,'Bersih',420),(720,19,'Bersih',420),(721,20,'Bersih',420),(722,21,'Bersih',420),(723,22,'Bersih',420),(724,1,'Sesuai',421),(725,4,'Mudah',421),(726,5,'Cepat',421),(727,6,'Wajar',421),(728,7,'Sangat Sesuai',421),(729,8,'.',421),(730,9,'Kompeten',421),(731,10,'Divisi Teknisi',421),(732,11,'Sangat Sopan dan Ramah',421),(733,12,'Baik',421),(734,13,'Sangat efektif',421),(735,14,'Sarana kursi dan meja tamu khusus di depan pintu ruang, genset, sound sistem',421),(736,15,'Layanan Sarana Prasarana Gedung Cimahi Techno Park dan BITC (Hall/Creative Corner/Ruang Kelas/Ruang Multimedia/Studio Foto/Dubbing/Ruang Rapat)',421),(737,16,'Agar bisa lebih maksimal digunakan masyarakat Cimahi untuk bisa berapresiasi di gedung tsb',421),(738,17,'Dikelola dengan Baik',421),(739,18,'Cukup Bersih',421),(740,19,'Cukup Bersih',421),(741,20,'Cukup Bersih',421),(742,21,'Bersih',421),(743,22,'Bersih',421),(744,1,'Sangat Sesuai',422),(745,4,'Mudah',422),(746,5,'Cepat',422),(747,6,'Sangat Wajar',422),(748,7,'Sesuai',422),(749,8,'.',422),(750,9,'Kompeten',422),(751,10,'Divisi Kebersihan',422),(752,11,'Sopan dan Ramah',422),(753,12,'Baik',422),(754,13,'Efektif',422),(755,14,'Tidak Tahu',422),(756,15,'Layanan PKL/magang kerja/penelitian',422),(757,16,'Saya rasa tidak ada yg perlu ditingkatkan, semuanya sudah bagus',422),(758,17,'Dikelola dengan Baik',422),(759,18,'Cukup Bersih',422),(760,19,'Cukup Bersih',422),(761,20,'Bersih',422),(762,21,'Bersih',422),(763,22,'Bersih',422),(764,1,'Sesuai',423),(765,4,'Mudah',423),(766,5,'Cepat',423),(767,6,'Sangat Wajar',423),(768,7,'Sesuai',423),(769,8,'.',423),(770,9,'Kompeten',423),(771,10,'Divisi Pelayanan',423),(772,11,'Sopan dan Ramah',423),(773,12,'Cukup',423),(774,13,'Efektif',423),(775,14,'Kursi-kursi',423),(776,15,'Layanan Sarana Prasarana Gedung Cimahi Techno Park dan BITC (Hall/Creative Corner/Ruang Kelas/Ruang Multimedia/Studio Foto/Dubbing/Ruang Rapat);Layanan PKL/magang kerja/penelitian',423),(777,16,'Dapat digunakan lebih banyak di masyarakat',423),(778,17,'Dikelola dengan Baik',423),(779,18,'Bersih',423),(780,19,'Bersih',423),(781,20,'Bersih',423),(782,21,'Bersih',423),(783,22,'Bersih',423),(784,1,'Sesuai',424),(785,4,'Mudah',424),(786,5,'Cepat',424),(787,6,'Wajar',424),(788,7,'Sesuai',424),(789,8,'.',424),(790,9,'Kompeten',424),(791,10,'Divisi Pelayanan',424),(792,11,'Sopan dan Ramah',424),(793,12,'Baik',424),(794,13,'Efektif',424),(795,14,'Studio rekaman',424),(796,15,'Layanan Cimahi Makerspace,;Layanan PKL/magang kerja/penelitian',424),(797,16,'Agar memperluas/mengembangkan lebih banyak individu khususnya siswa/i dalam industri kreatif di Cimahi',424),(798,17,'Dikelola dengan Baik',424),(799,18,'Bersih',424),(800,19,'Cukup Bersih',424),(801,20,'Cukup Bersih',424),(802,21,'Bersih',424),(803,22,'Cukup Bersih',424),(804,1,'Sesuai',425),(805,4,'Mudah',425),(806,5,'Cepat',425),(807,6,'Wajar',425),(808,7,'Sesuai',425),(809,8,'.',425),(810,9,'Kompeten',425),(811,10,'Divisi Teknisi',425),(812,11,'Sopan dan Ramah',425),(813,12,'Baik',425),(814,13,'Efektif',425),(815,14,'Kantin Dalam Ruangan',425),(816,15,'Layanan Cimahi Makerspace,;Layanan PKL/magang kerja/penelitian',425),(817,16,'Memudahkan Sekolah lain, mendapat akses PKL',425),(818,17,'Dikelola dengan Baik',425),(819,18,'Bersih',425),(820,19,'Bersih',425),(821,20,'Bersih',425),(822,21,'Bersih',425),(823,22,'Bersih',425),(824,1,'Sesuai',426),(825,4,'Mudah',426),(826,5,'Cepat',426),(827,6,'Wajar',426),(828,7,'Sesuai',426),(829,8,'.',426),(830,9,'Kompeten',426),(831,10,'Divisi Kebersihan;Divisi Keamanan;Divisi Pelayanan;Divisi Teknisi',426),(832,11,'Sopan dan Ramah',426),(833,12,'Baik',426),(834,13,'Efektif',426),(835,14,'Untuk kenyamanan bersama',426),(836,15,'Untuk kenyamanan bersama',426),(837,16,'Layanan Sarana Prasarana Gedung Cimahi Techno Park dan BITC (Hall/Creative Corner/Ruang Kelas/Ruang Multimedia/Studio Foto/Dubbing/Ruang Rapat);Layanan Inkubasi Bisnis Teknologi 2024,;Layanan Cimahi Makerspace,;Layanan PKL/magang kerja/penelitian;Layanan ',426),(838,17,'Untuk kenyamanan bersama',426),(839,18,'Berfungsi Kurang Maksimal',426),(840,19,'Cukup Bersih',426),(841,20,'Cukup Bersih',426),(842,21,'Cukup Bersih',426),(843,22,'Cukup Bersih',426),(844,23,'Cukup Bersih',426),(845,1,'Sesuai',427),(846,4,'Mudah',427),(847,5,'Cepat',427),(848,6,'Wajar',427),(849,7,'Sesuai',427),(850,8,'Tidak ada',427),(851,9,'Kompeten',427),(852,10,'Divisi Kebersihan;Divisi Keamanan;Divisi Pelayanan;Divisi Teknisi',427),(853,11,'Sopan dan Ramah',427),(854,12,'Baik',427),(855,13,'Efektif',427),(856,14,'Kantin atau kafeteria didalam gedung (tempat khusus untuk makan)',427),(857,15,'Layanan Cimahi Makerspace,;Layanan PKL/magang kerja/penelitian',427),(858,16,'memudahkan untuk mencari tempat magang',427),(859,17,'Dikelola dengan Baik',427),(860,18,'Bersih',427),(861,19,'Bersih',427),(862,20,'Bersih',427),(863,21,'Bersih',427),(864,22,'Bersih',427),(865,1,'Sesuai',428),(866,4,'Mudah',428),(867,5,'Cepat',428),(868,6,'Wajar',428),(869,7,'Sesuai',428),(870,8,'Tidak ada',428),(871,9,'Sangat Kompeten',428),(872,10,'Divisi Pelayanan',428),(873,11,'Sopan dan Ramah',428),(874,12,'Baik',428),(875,13,'Efektif',428),(876,14,'kantin atau kafetaria dalam gedung (khusus makanan)',428),(877,15,'Layanan Sarana Prasarana Gedung Cimahi Techno Park dan BITC (Hall/Creative Corner/Ruang Kelas/Ruang Multimedia/Studio Foto/Dubbing/Ruang Rapat);Layanan Cimahi Makerspace,;Layanan PKL/magang kerja/penelitian',428),(878,16,'untuk kenyamanan bersama',428),(879,17,'Dikelola dengan Baik',428),(880,18,'Cukup Bersih',428),(881,19,'Cukup Bersih',428),(882,20,'Cukup Bersih',428),(883,21,'Cukup Bersih',428),(884,22,'Cukup Bersih',428),(885,1,'Sesuai',429),(886,4,'Mudah',429),(887,5,'Cepat',429),(888,6,'Wajar',429),(889,7,'Sangat Sesuai',429),(890,8,'Tidak ada',429),(891,9,'Kompeten',429),(892,10,'Divisi Kebersihan;Divisi Keamanan;Divisi Pelayanan;Divisi Teknisi',429),(893,11,'Sopan dan Ramah',429),(894,12,'Baik',429),(895,13,'Efektif',429),(896,14,'Tidak ada',429),(897,15,'Mungkin fasilitas',429),(898,16,'Layanan PKL/magang kerja/penelitian',429),(899,17,'Mungkin dari segi fasilitas karena ada beberapa komputer yang masih ngelag',429),(900,18,'Dikelola dengan Baik',429),(901,19,'Cukup Bersih',429),(902,20,'Cukup Bersih',429),(903,21,'Bersih',429),(904,22,'Bersih',429),(905,23,'Bersih',429),(906,1,'Sesuai',430),(907,4,'Mudah',430),(908,5,'Cepat',430),(909,6,'Wajar',430),(910,7,'Sangat Sesuai',430),(911,8,'Tidak ada',430),(912,9,'Kompeten',430),(913,10,'Divisi Kebersihan;Divisi Pelayanan',430),(914,11,'Sopan dan Ramah',430),(915,12,'Baik',430),(916,13,'Efektif',430),(917,14,'kantin/ kafetaria di dalam gedung',430),(918,15,'Layanan PKL/magang kerja/penelitian',430),(919,16,'-',430),(920,17,'Dikelola dengan Baik',430),(921,18,'Cukup Bersih',430),(922,19,'Cukup Bersih',430),(923,20,'Cukup Bersih',430),(924,21,'Cukup Bersih',430),(925,22,'Cukup Bersih',430),(926,1,'Sesuai',431),(927,4,'Mudah',431),(928,5,'Cepat',431),(929,6,'Wajar',431),(930,7,'Sangat Sesuai',431),(931,8,'Tidak ada',431),(932,9,'Kompeten',431),(933,10,'Divisi Kebersihan;Divisi Keamanan;Divisi Pelayanan;Divisi Teknisi',431),(934,11,'Sopan dan Ramah',431),(935,12,'Baik',431),(936,13,'Efektif',431),(937,14,'Kantin atau kafetaria di dalam gedung (tempat khusus untuk makan)',431),(938,15,'Layanan Cimahi Makerspace,;Layanan PKL/magang kerja/penelitian',431),(939,16,'Untuk kenyamanan kita bersama dalam mencari tempat magang dan meningkatkan sistem kerja Cimahi makerspace.',431),(940,17,'Dikelola dengan Baik',431),(941,18,'Cukup Bersih',431),(942,19,'Cukup Bersih',431),(943,20,'Cukup Bersih',431),(944,21,'Cukup Bersih',431),(945,22,'Bersih',431),(946,1,'Sesuai',432),(947,4,'Mudah',432),(948,5,'Sangat Cepat',432),(949,6,'Wajar',432),(950,7,'Sesuai',432),(951,8,'Tidak ada',432),(952,9,'Sangat Kompeten',432),(953,10,'Divisi Kebersihan;Divisi Teknisi',432),(954,11,'Sangat Sopan dan Ramah',432),(955,12,'Baik',432),(956,13,'Sangat efektif',432),(957,14,'Tidak dapat melihat agenda gedung secara langsung yang di pakai, harus di klik menunya terlebih dahulu',432),(958,15,'Komputer operator videotron',432),(959,16,'Layanan Fokus (Foto Gratis Khusus UKM/IKM Kota Cimahi)',432),(960,17,'Lebih di sosialisasikan ke masyarakat Kota Cimahi dan sekitar nya',432),(961,18,'Dikelola dengan Baik',432),(962,19,'Bersih',432),(963,20,'Bersih',432),(964,21,'Bersih',432),(965,22,'Bersih',432),(966,23,'Bersih',432),(967,1,'Sesuai',433),(968,4,'Mudah',433),(969,5,'Cepat',433),(970,6,'Wajar',433),(971,7,'Sangat Sesuai',433),(972,8,'Tidak ada',433),(973,9,'Kompeten',433),(974,10,'Divisi Kebersihan;Divisi Keamanan;Divisi Pelayanan;Divisi Teknisi',433),(975,11,'Sopan dan Ramah',433),(976,12,'Baik',433),(977,13,'Efektif',433),(978,14,'Kantin atau kafetaria di dalam gedung (tempat khusus untuk makan)',433),(979,15,'Layanan Cimahi Makerspace,;Layanan PKL/magang kerja/penelitian',433),(980,16,'Untuk kenyamanan kita bersama dalam mencari tempat magang dan meningkatkan sistem kerja cimahi makerspace',433),(981,17,'Dikelola dengan Baik',433),(982,18,'Cukup Bersih',433),(983,19,'Cukup Bersih',433),(984,20,'Cukup Bersih',433),(985,21,'Cukup Bersih',433),(986,22,'Cukup Bersih',433),(987,1,'Sesuai',434),(988,4,'Mudah',434),(989,5,'Cepat',434),(990,6,'Wajar',434),(991,7,'Sangat Sesuai',434),(992,8,'Tidak ada',434),(993,9,'Kompeten',434),(994,10,'Divisi Kebersihan',434),(995,11,'Sangat Sopan dan Ramah',434),(996,12,'Baik',434),(997,13,'Efektif',434),(998,14,'Inkubasi 3D seperti Metaverse, wastafel diluar untuk cuci tangan',434),(999,15,'Layanan Cimahi Makerspace,;Layanan PKL/magang kerja/penelitian',434),(1000,16,'Untuk kenyamanan kita bersama dalam mencari tempat magang dan meningkatkan sistem kerja Cimahi Makerspace',434),(1001,17,'Dikelola dengan Baik',434),(1002,18,'Bersih',434),(1003,19,'Bersih',434),(1004,20,'Bersih',434),(1005,21,'Bersih',434),(1006,22,'Bersih',434),(1007,1,'Sesuai',435),(1008,4,'Mudah',435),(1009,5,'Cepat',435),(1010,6,'Wajar',435),(1011,7,'Sangat Sesuai',435),(1012,8,'Tidak ada',435),(1013,9,'Kompeten',435),(1014,10,'Divisi Kebersihan;Divisi Keamanan;Divisi Pelayanan;Divisi Teknisi',435),(1015,11,'Sopan dan Ramah',435),(1016,12,'Baik',435),(1017,13,'Efektif',435),(1018,14,'kantin, memudahkan untuk mendapatkan makanan',435),(1019,15,'Layanan Cimahi Makerspace,;Layanan PKL/magang kerja/penelitian',435),(1020,16,'mempermudah dan memberikan kesempatan untuk pelajar yang membutuhkan tempat pkl dan meningkatkan sistem kerja Cimahi Marketspace',435),(1021,17,'Dikelola dengan Baik',435),(1022,18,'Bersih',435),(1023,19,'Bersih',435),(1024,20,'Bersih',435),(1025,21,'Bersih',435),(1026,22,'Bersih',435),(1027,1,'Sesuai',436),(1028,4,'Mudah',436),(1029,5,'Cepat',436),(1030,6,'Wajar',436),(1031,7,'Sesuai',436),(1032,8,'Tidak ada',436),(1033,9,'Kompeten',436),(1034,10,'Divisi Kebersihan',436),(1035,11,'Sopan dan Ramah',436),(1036,12,'Baik',436),(1037,13,'Efektif',436),(1038,14,'Tidak ada',436),(1039,15,'Layanan Cimahi Makerspace,;Layanan PKL/magang kerja/penelitian',436),(1040,16,'Tidak ada',436),(1041,17,'Dikelola dengan Baik',436),(1042,18,'Cukup Bersih',436),(1043,19,'Cukup Bersih',436),(1044,20,'Cukup Bersih',436),(1045,21,'Cukup Bersih',436),(1046,22,'Cukup Bersih',436),(1047,1,'Sesuai',437),(1048,4,'Mudah',437),(1049,5,'Cepat',437),(1050,6,'Wajar',437),(1051,7,'Sangat Sesuai',437),(1052,8,'Tidak ada',437),(1053,9,'Kompeten',437),(1054,10,'Divisi Kebersihan;Divisi Keamanan;Divisi Pelayanan;Divisi Teknisi',437),(1055,11,'Sopan dan Ramah',437),(1056,12,'Baik',437),(1057,13,'Efektif',437),(1058,14,'Kantin atau kafetaria di dalam gedung (tempat khusus untuk makan)',437),(1059,15,'Layanan Cimahi Makerspace,;Layanan Fokus (Foto Gratis Khusus UKM/IKM Kota Cimahi)',437),(1060,16,'untuk kenyamanan kita bersama dalam mencari tempat magang dan meningkatkan sistem kerja Cimahi Makerspace',437),(1061,17,'Dikelola dengan Baik',437),(1062,18,'Cukup Bersih',437),(1063,19,'Cukup Bersih',437),(1064,20,'Cukup Bersih',437),(1065,21,'Cukup Bersih',437),(1066,22,'Cukup Bersih',437),(1067,1,'Sesuai',438),(1068,4,'Mudah',438),(1069,5,'Cepat',438),(1070,6,'Wajar',438),(1071,7,'Sesuai',438),(1072,8,'Tidak ada',438),(1073,9,'Kompeten',438),(1074,10,'Divisi Teknisi',438),(1075,11,'Sopan dan Ramah',438),(1076,12,'Baik',438),(1077,13,'Efektif',438),(1078,14,'spesifikasi komputer yang tidak merata, beberapa sudah kurang efektif untuk digunakan',438),(1079,15,'Layanan Cimahi Makerspace',438),(1080,16,'entah, menurut saya sudah cukup baik',438),(1081,17,'Dikelola dengan Baik',438),(1082,18,'Bersih',438),(1083,19,'Bersih',438),(1084,20,'Bersih',438),(1085,21,'Bersih',438),(1086,22,'Bersih',438),(1087,1,'Sangat Sesuai',439),(1088,4,'Sangat Mudah',439),(1089,5,'Sangat Cepat',439),(1090,6,'Sangat Wajar',439),(1091,7,'Sangat Sesuai',439),(1092,8,'Tidak ada',439),(1093,9,'Sangat Kompeten',439),(1094,10,'Divisi Kebersihan',439),(1095,11,'Sangat Sopan dan Ramah',439),(1096,12,'Sangat Baik',439),(1097,13,'Sangat efektif',439),(1098,14,'Kantin atau kafetaria di dalam gedung (khusus untuk makanan)',439),(1099,15,'Layanan PKL/magang kerja/penelitian',439),(1100,16,'Untuk kenyamanan kita bersama',439),(1101,17,'Dikelola dengan Baik',439),(1102,18,'Bersih',439),(1103,19,'Cukup Bersih',439),(1104,20,'Cukup Bersih',439),(1105,21,'Cukup Bersih',439),(1106,22,'Cukup Bersih',439),(1107,1,'Sesuai',440),(1108,4,'Mudah',440),(1109,5,'Cepat',440),(1110,6,'Wajar',440),(1111,7,'Sesuai',440),(1112,8,'Tidak ada',440),(1113,9,'Kompeten',440),(1114,10,'Divisi Kebersihan;Divisi Keamanan;Divisi Pelayanan;Divisi Teknisi',440),(1115,11,'Sopan dan Ramah',440),(1116,12,'Baik',440),(1117,13,'Efektif',440),(1118,14,'Kantin atau kafetaria di dalam gedung (tempat khusus untuk makan)',440),(1119,15,'Layanan Cimahi Makerspace',440),(1120,16,'Supaya mudah mencari tempat magang / pkl',440),(1121,17,'Dikelola dengan Baik',440),(1122,18,'Cukup Bersih',440),(1123,19,'Cukup Bersih',440),(1124,20,'Cukup Bersih',440),(1125,21,'Cukup Bersih',440),(1126,22,'Cukup Bersih',440),(1127,1,'Sesuai',441),(1128,4,'Mudah',441),(1129,5,'Kurang Cepat',441),(1130,6,'Wajar',441),(1131,7,'Sesuai',441),(1132,8,'Tidak ada',441),(1133,9,'Kompeten',441),(1134,10,'Divisi Teknisi',441),(1135,11,'Sopan dan Ramah',441),(1136,12,'Cukup',441),(1137,13,'Efektif',441),(1138,14,'Kantin atau kafetaria di dalam gedung (tempat khusus untuk makan)',441),(1139,15,'Layanan Sarana Prasarana Gedung Cimahi Techno Park dan BITC (Hall/Creative Corner/Ruang Kelas/Ruang Multimedia/Studio Foto/Dubbing/Ruang Rapat);Layanan Cimahi Makerspace,;Layanan PKL/magang kerja/penelitian',441),(1140,16,'Untuk kenyamanan kita bersama dalam mencari tempat magang dan meningkatkan sistem kerja Cimahi makerspace',441),(1141,17,'Dikelola dengan Baik',441),(1142,18,'Cukup Bersih',441),(1143,19,'Cukup Bersih',441),(1144,20,'Bersih',441),(1145,21,'Bersih',441),(1146,22,'Bersih',441),(1147,1,'Sangat Sesuai',442),(1148,4,'Mudah',442),(1149,5,'Cepat',442),(1150,6,'Sangat Wajar',442),(1151,7,'Sangat Sesuai',442),(1152,8,'Tidak ada',442),(1153,9,'Sangat Kompeten',442),(1154,10,'Divisi Kebersihan;Divisi Keamanan',442),(1155,11,'Sangat Sopan dan Ramah',442),(1156,12,'Sangat Baik',442),(1157,13,'Sangat efektif',442),(1158,14,'Kantin atau kafetaria di dalam gedung khusus untuk makan siang',442),(1159,15,'Layanan Sarana Prasarana Gedung Cimahi Techno Park dan BITC (Hall/Creative Corner/Ruang Kelas/Ruang Multimedia/Studio Foto/Dubbing/Ruang Rapat);Layanan Cimahi Makerspace',442),(1160,16,'Untuk kenyamanan kita semua agar dapat memaksimalkan dan meningkatkan sistem kerja cima makerspace',442),(1161,17,'Dikelola dengan Baik',442),(1162,18,'Bersih',442),(1163,19,'Bersih',442),(1164,20,'Bersih',442),(1165,21,'Bersih',442),(1166,22,'Bersih',442),(1167,1,'Sangat Sesuai',443),(1168,4,'Sangat Mudah',443),(1169,5,'Sangat Cepat',443),(1170,6,'Sangat Wajar',443),(1171,7,'Sangat Sesuai',443),(1172,8,'Tidak ada',443),(1173,9,'Sangat Kompeten',443),(1174,10,'Divisi Kebersihan',443),(1175,11,'Sangat Sopan dan Ramah',443),(1176,12,'Baik',443),(1177,13,'Efektif',443),(1178,14,'Lebih ke kebersihan di area kerja serta di gym outdoor',443),(1179,15,'Layanan Sarana Prasarana Gedung Cimahi Techno Park dan BITC (Hall/Creative Corner/Ruang Kelas/Ruang Multimedia/Studio Foto/Dubbing/Ruang Rapat)',443),(1180,16,'Dari kebersihannya yg perlu selalu dijaga',443),(1181,17,'Dikelola dengan Baik',443),(1182,18,'Bersih',443),(1183,19,'Bersih',443),(1184,20,'Bersih',443),(1185,21,'Bersih',443),(1186,22,'Bersih',443),(1187,1,'Sesuai',444),(1188,4,'Mudah',444),(1189,5,'Cepat',444),(1190,6,'Wajar',444),(1191,7,'Sesuai',444),(1192,8,'Tidak ada',444),(1193,9,'Sangat Kompeten',444),(1194,10,'Divisi Kebersihan;Divisi Keamanan;Divisi Pelayanan;Divisi Teknisi',444),(1195,11,'Sangat Sopan dan Ramah',444),(1196,12,'Baik',444),(1197,13,'Efektif',444),(1198,14,'kantin atau kafetaria didalam gedung',444),(1199,15,'Layanan Sarana Prasarana Gedung Cimahi Techno Park dan BITC (Hall/Creative Corner/Ruang Kelas/Ruang Multimedia/Studio Foto/Dubbing/Ruang Rapat)',444),(1200,16,'untuk kenyaman kita bersama',444),(1201,17,'Dikelola dengan Baik',444),(1202,18,'Bersih',444),(1203,19,'Bersih',444),(1204,20,'Bersih',444),(1205,21,'Bersih',444),(1206,22,'Bersih',444),(1207,4,'Mudah',445),(1208,5,'Cepat',445),(1209,6,'Wajar',445),(1210,7,'Sesuai',445),(1211,8,'Tidak ada',445),(1212,9,'Sangat Kompeten',445),(1213,10,'Divisi Kebersihan;Divisi Keamanan;Divisi Pelayanan;Divisi Teknisi',445),(1214,11,'Sangat Sopan dan Ramah',445),(1215,12,'Baik',445),(1216,13,'Efektif',445),(1217,14,'kantin atau kafetaria didalam gedung',445),(1218,15,'Layanan Sarana Prasarana Gedung Cimahi Techno Park dan BITC (Hall/Creative Corner/Ruang Kelas/Ruang Multimedia/Studio Foto/Dubbing/Ruang Rapat)',445),(1219,16,'untuk kenyamanan kita bersama',445),(1220,17,'Dikelola dengan Baik',445),(1221,18,'Bersih',445),(1222,19,'Bersih',445),(1223,20,'Bersih',445),(1224,21,'Bersih',445),(1225,22,'Bersih',445),(1226,4,'Sangat Mudah',446),(1227,5,'Cepat',446),(1228,6,'Sangat Wajar',446),(1229,7,'Sangat Sesuai',446),(1230,8,'Tidak ada',446),(1231,9,'Kompeten',446),(1232,10,'Divisi Kebersihan',446),(1233,11,'Sangat Sopan dan Ramah',446),(1234,12,'Baik',446),(1235,13,'Sangat efektif',446),(1236,14,'Booking H-14 terlalu lama',446),(1237,15,'Lift',446),(1238,16,'Layanan Fokus (Foto Gratis Khusus UKM/IKM Kota Cimahi)',446),(1239,17,'Karena harusnya sosialisasinya sampai ke tingkat RT',446),(1240,18,'Berfungsi Kurang Maksimal',446),(1241,19,'Bersih',446),(1242,20,'Bersih',446),(1243,21,'Bersih',446),(1244,22,'Bersih',446),(1245,23,'Bersih',446),(1246,4,'Mudah',447),(1247,5,'Cepat',447),(1248,6,'Wajar',447),(1249,7,'Sesuai',447),(1250,8,'Tidak ada',447),(1251,9,'Sangat Kompeten',447),(1252,10,'Divisi Kebersihan;Divisi Keamanan',447),(1253,11,'Sangat Sopan dan Ramah',447),(1254,12,'Sangat Baik',447),(1255,13,'Efektif',447),(1256,14,'Komputer dengan spesifikasi dan kantin yang nyaman',447),(1257,15,'Layanan Sarana Prasarana Gedung Cimahi Techno Park dan BITC (Hall/Creative Corner/Ruang Kelas/Ruang Multimedia/Studio Foto/Dubbing/Ruang Rapat);Layanan Cimahi Makerspace',447),(1258,16,'Untuk kenyamanan anggota/peserta cimahi makerspace dan juga bisa dijadikan sebagai sarana tempat berkumpulnya orang yang berminat dibidang design',447),(1259,17,'Dikelola dengan Baik',447),(1260,18,'Bersih',447),(1261,19,'Bersih',447),(1262,20,'Bersih',447),(1263,21,'Bersih',447),(1264,22,'Bersih',447),(1265,4,'Mudah',448),(1266,5,'Cepat',448),(1267,6,'Sangat Wajar',448),(1268,7,'Sesuai',448),(1269,8,'Tidak ada',448),(1270,9,'Kompeten',448),(1271,10,'Divisi Kebersihan;Divisi Keamanan',448),(1272,11,'Sopan dan Ramah',448),(1273,12,'Cukup',448),(1274,13,'Sangat efektif',448),(1275,14,'sarana olahraga',448),(1276,15,'Layanan Cimahi Makerspace',448),(1277,16,'Peluang nya sangat besar baik bila di komunikasikan lebih luas',448),(1278,17,'Dikelola dengan Baik',448),(1279,18,'Bersih',448),(1280,19,'Bersih',448),(1281,20,'Bersih',448),(1282,21,'Bersih',448),(1283,22,'Bersih',448),(1284,4,'Mudah',449),(1285,5,'Cepat',449),(1286,6,'Wajar',449),(1287,7,'Sesuai',449),(1288,8,'Tidak ada',449),(1289,9,'Kompeten',449),(1290,10,'Divisi Kebersihan',449),(1291,11,'Sopan dan Ramah',449),(1292,12,'Cukup',449),(1293,13,'Efektif',449),(1294,14,'pc',449),(1295,15,'Layanan Cimahi Makerspace,;Layanan PKL/magang kerja/penelitian;Layanan Fokus (Foto Gratis Khusus UKM/IKM Kota Cimahi)',449),(1296,16,'kurangnya advertising. tp sangat berarti untuk masyarakat',449),(1297,17,'Berfungsi Kurang Maksimal',449),(1298,18,'Bersih',449),(1299,19,'Bersih',449),(1300,20,'Bersih',449),(1301,21,'Bersih',449),(1302,22,'Bersih',449),(1303,1,'Mudah',450),(1304,4,'Mudah',450),(1305,5,'Cepat',450),(1306,6,'Wajar',450),(1307,7,'Sesuai',450),(1308,8,'Tidak ada',450),(1309,9,'Kompeten',450),(1310,10,'Divisi Pelayanan',450),(1311,11,'Sopan dan Ramah',450),(1312,12,'Cukup',450),(1313,13,'Efektif',450),(1314,14,'-',450),(1315,15,'Layanan Sarana Prasarana Gedung Cimahi Techno Park dan BITC (Hall/Creative Corner/Ruang Kelas/Ruang Multimedia/Studio Foto/Dubbing/Ruang Rapat)',450),(1316,16,'Agar lebih maksimal dalam setiap berkegiatan',450),(1317,17,'Berfungsi Kurang Maksimal',450),(1318,18,'Cukup Bersih',450),(1319,19,'Cukup Bersih',450),(1320,20,'Cukup Bersih',450),(1321,21,'Cukup Bersih',450),(1322,22,'Cukup Bersih',450),(1323,1,'Sangat Mudah',451),(1324,4,'Sangat Cepat',451),(1325,5,'Wajar',451),(1326,6,'Sangat Sesuai',451),(1327,7,'Sangat Sesuai',451),(1328,8,'Tidak ada',451),(1329,9,'Sangat Kompeten',451),(1330,10,'Divisi Keamanan',451),(1331,11,'Sangat Sopan dan Ramah',451),(1332,12,'Sangat Baik',451),(1333,13,'Sangat efektif',451),(1334,14,'-',451),(1335,15,'Berdasarkan prioritas, sarana dan prasana yang di sediakan cimahi technopark sudah sangat baik dan lumayan lengkap.',451),(1336,16,'akan lebih nyaman jika menyediakan ruangan lebih untuk layanan inkubasi bisnis',451),(1337,17,'Dikelola dengan Baik',451),(1338,18,'Bersih',451),(1339,19,'Bersih',451),(1340,20,'Bersih',451),(1341,21,'Bersih',451),(1342,22,'Bersih',451),(1343,1,'Sangat Mudah',452),(1344,4,'Sangat Cepat',452),(1345,5,'Sangat Wajar',452),(1346,6,'Sangat Sesuai',452),(1347,7,'Sangat Sesuai',452),(1348,8,'Tidak ada',452),(1349,9,'Sangat Kompeten',452),(1350,10,'Divisi Kebersihan',452),(1351,11,'Sangat Sopan dan Ramah',452),(1352,12,'Baik',452),(1353,13,'Efektif',452),(1354,14,'-',452),(1355,15,'Sejauh ini cukup memadai.',452),(1356,16,'Kebersihan dan keberfungsian peralatan di toilet perlu ditingkatkan.',452),(1357,17,'Dikelola dengan Baik',452),(1358,18,'Bersih',452),(1359,19,'Bersih',452),(1360,20,'Bersih',452),(1361,21,'Bersih',452),(1362,22,'Bersih',452),(1363,1,'Sangat Mudah',453),(1364,4,'Cepat',453),(1365,5,'Sangat Wajar',453),(1366,6,'Sesuai',453),(1367,7,'Sesuai',453),(1368,8,'Tidak ada',453),(1369,9,'Kompeten',453),(1370,10,'Divisi Teknisi',453),(1371,11,'Sangat Sopan dan Ramah',453),(1372,12,'Sangat Baik',453),(1373,13,'Sangat efektif',453),(1374,14,'Desain kemasan',453),(1375,15,'Karena teknologi makin canggih, produk makin banyak dan tidak semua ukm/ikm memiliki fasilitas fotography.',453),(1376,16,'-',453),(1377,17,'Dikelola dengan Baik',453),(1378,18,'Bersih',453),(1379,19,'Bersih',453),(1380,20,'Bersih',453),(1381,21,'Bersih',453),(1382,22,'Bersih',453),(1383,1,'Sangat Mudah',454),(1384,4,'Cepat',454),(1385,5,'Wajar',454),(1386,6,'Sesuai',454),(1387,7,'Sesuai',454),(1388,8,'Tidak ada',454),(1389,9,'Sangat Kompeten',454),(1390,10,'Divisi Kebersihan',454),(1391,11,'Sopan dan Ramah',454),(1392,12,'Baik',454),(1393,13,'Efektif',454),(1394,14,'untuk sejauh ini bisa di katakan baik, kebutuhan saya terpenuhi dengan baik',454),(1395,15,'Layanan Cimahi Makerspace,;Layanan PKL/magang kerja/penelitian',454),(1396,16,'untuk kenyamanan, keamanan serta kemudahan kita bersama dalam mempermudah masyarakat sekitar Cimahi agar lebih produktif baik untuk mencari tempat PKL ataupun pekerjaan. Program seperti ini mungkin bisa lebih variatif',454),(1397,17,'Dikelola dengan Baik',454),(1398,18,'Cukup Bersih',454),(1399,19,'Cukup Bersih',454),(1400,20,'Cukup Bersih',454),(1401,21,'Cukup Bersih',454),(1402,22,'Cukup Bersih',454),(1403,1,'Mudah',455),(1404,4,'Cepat',455),(1405,5,'Wajar',455),(1406,6,'Sesuai',455),(1407,7,'Tolong kamar mandi dipersiapkan sabun cuci tangan',455),(1408,8,'Kompeten',455),(1409,9,'Divisi Kebersihan',455),(1410,10,'Sopan dan Ramah',455),(1411,11,'Baik',455),(1412,12,'Efektif',455),(1413,13,'Pelayanan cepat dan bila ada barang yg tertinggal disimpan dgn baik',455),(1414,14,'Tolong toilet bisa di siapkan Tisue dan sabun cuci tangan',455),(1415,15,'Layanan Sarana Prasarana Gedung Cimahi Techno Park dan BITC (Hall/Creative Corner/Ruang Kelas/Ruang Multimedia/Studio Foto/Dubbing/Ruang Rapat)',455),(1416,16,'Perlu banyak colokan listrik',455),(1417,17,'Berfungsi Kurang Maksimal',455),(1418,18,'Cukup Bersih',455),(1419,19,'Cukup Bersih',455),(1420,20,'Cukup Bersih',455),(1421,21,'Cukup Bersih',455),(1422,22,'Cukup Bersih',455),(1423,1,'Mudah',456),(1424,4,'Cepat',456),(1425,5,'Wajar',456),(1426,6,'Sesuai',456),(1427,7,'Tidak ada',456),(1428,8,'Kompeten',456),(1429,9,'Divisi Pelayanan',456),(1430,10,'Sangat Sopan dan Ramah',456),(1431,11,'Sangat Baik',456),(1432,12,'Efektif',456),(1433,13,'Untuk saat ini tidak ada',456),(1434,14,'Penyesuaian dengan perubahan teknologi',456),(1435,15,'Layanan Inkubasi Bisnis Teknologi 2024',456),(1436,16,'Berfungsi Kurang Maksimal',456),(1437,17,'Bersih',456),(1438,18,'Bersih',456),(1439,19,'Bersih',456),(1440,20,'Bersih',456),(1441,21,'Bersih',456),(1442,1,'Mudah',457),(1443,4,'Cepat',457),(1444,5,'Wajar',457),(1445,6,'Sesuai',457),(1446,7,'Tidak ada',457),(1447,8,'Kurang Kompeten',457),(1448,9,'Divisi Kebersihan;Divisi Keamanan;Divisi Pelayanan;Divisi Teknisi',457),(1449,10,'Sopan dan Ramah',457),(1450,11,'Baik',457),(1451,12,'Efektif',457),(1452,13,'Poto ptoduk',457),(1453,14,'Layanan Sarana Prasarana Gedung Cimahi Techno Park dan BITC (Hall/Creative Corner/Ruang Kelas/Ruang Multimedia/Studio Foto/Dubbing/Ruang Rapat);Layanan Inkubasi Bisnis Teknologi 2024,;Layanan Cimahi Makerspace,;Layanan PKL/magang kerja/penelitian;Layanan ',457),(1454,15,'Tidak ada',457),(1455,16,'Dikelola dengan Baik',457),(1456,17,'Bersih',457),(1457,18,'Bersih',457),(1458,19,'Bersih',457),(1459,20,'Bersih',457),(1460,21,'Bersih',457),(1461,1,'Mudah',458),(1462,4,'Cepat',458),(1463,5,'Wajar',458),(1464,6,'Sesuai',458),(1465,7,'Tidak ada',458),(1466,8,'Kompeten',458),(1467,9,'Divisi Teknisi',458),(1468,10,'Sopan dan Ramah',458),(1469,11,'Baik',458),(1470,12,'Efektif',458),(1471,13,'Foto produk: manekin untuk fashion baik pria atau wanita.',458),(1472,14,'Layanan Sarana Prasarana Gedung Cimahi Techno Park dan BITC (Hall/Creative Corner/Ruang Kelas/Ruang Multimedia/Studio Foto/Dubbing/Ruang Rapat);Layanan Fokus (Foto Gratis Khusus UKM/IKM Kota Cimahi)',458),(1473,15,'Kelengkapan untuk foto produk fashion belum lengkap.',458),(1474,16,'Dikelola dengan Baik',458),(1475,17,'Bersih',458),(1476,18,'Bersih',458),(1477,19,'Bersih',458),(1478,20,'Bersih',458),(1479,21,'Bersih',458),(1480,1,'Mudah',459),(1481,4,'Cepat',459),(1482,5,'Wajar',459),(1483,6,'Sesuai',459),(1484,7,'Tidak ada',459),(1485,8,'Kompeten',459),(1486,9,'Divisi Kebersihan',459),(1487,10,'Sopan dan Ramah',459),(1488,11,'Baik',459),(1489,12,'Efektif',459),(1490,13,'Studio Untuk Rekaman Video/Foto',459),(1491,14,'Layanan Sarana Prasarana Gedung Cimahi Techno Park dan BITC (Hall/Creative Corner/Ruang Kelas/Ruang Multimedia/Studio Foto/Dubbing/Ruang Rapat)',459),(1492,15,'Menambah Studio Untuk Rekaman Video/Foto',459),(1493,16,'Dikelola dengan Baik',459),(1494,17,'Bersih',459),(1495,18,'Bersih',459),(1496,19,'Bersih',459),(1497,20,'Bersih',459),(1498,21,'Bersih',459),(1499,1,'Sesuai',460),(1500,4,'Mudah',460),(1501,5,'Cepat',460),(1502,6,'Wajar',460),(1503,7,'Sesuai',460),(1504,8,'Tidak ada',460),(1505,9,'Kompeten',460),(1506,10,'Divisi Kebersihan;Divisi Keamanan;Divisi Pelayanan;Divisi Teknisi',460),(1507,11,'Sopan dan Ramah',460),(1508,12,'Cukup',460),(1509,13,'Efektif',460),(1510,14,'1. Kecepatan Internet Perlu Ditingkatkan\n2. Lahan Parkir Perlu dioptimalkan',460),(1511,15,'Layanan Sarana Prasarana Gedung Cimahi Techno Park dan BITC (Hall/Creative Corner/Ruang Kelas/Ruang Multimedia/Studio Foto/Dubbing/Ruang Rapat)',460),(1512,16,'.',460),(1513,17,'Berfungsi Kurang Maksimal',460),(1514,18,'Kurang Bersih',460),(1515,19,'Bersih',460),(1516,20,'Bersih',460),(1517,21,'Bersih',460),(1518,1,'Sangat Sesuai',461),(1519,4,'Sangat Mudah',461),(1520,5,'Sangat Cepat',461),(1521,6,'Sangat Wajar',461),(1522,7,'Sangat Sesuai',461),(1523,8,'Tidak ada',461),(1524,9,'Sangat Kompeten',461),(1525,10,'Divisi Teknisi',461),(1526,11,'Sangat Sopan dan Ramah',461),(1527,12,'Sangat Baik',461),(1528,13,'Sangat efektif',461),(1529,14,'Sangat mudah mendapatkan informasi ketersedian sarana ruang di technopark',461),(1530,15,'Toilet di community center',461),(1531,16,'Layanan Cimahi Makerspace',461),(1532,17,'Agar mengurangi tingkat pengangguran di cimahi',461),(1533,18,'Dikelola dengan Baik',461),(1534,19,'Bersih',461),(1535,20,'Bersih',461),(1536,21,'Bersih',461),(1537,22,'Bersih',461),(1538,23,'Bersih',461),(1539,1,'Sesuai',462),(1540,4,'Mudah',462),(1541,5,'Cepat',462),(1542,6,'Wajar',462),(1543,7,'Sesuai',462),(1544,8,'-',462),(1545,9,'Kompeten',462),(1546,10,'Divisi Kebersihan',462),(1547,11,'Sopan dan Ramah',462),(1548,12,'Cukup',462),(1549,13,'Efektif',462),(1550,14,'-',462),(1551,15,'Menurut pendapat saya pribadi tidak ada, cukup.',462),(1552,16,'Layanan Sarana Prasarana Gedung Cimahi Techno Park dan BITC (Hall/Creative Corner/Ruang Kelas/Ruang Multimedia/Studio Foto/Dubbing/Ruang Rapat)',462),(1553,17,'Agar yang memakai fasilitas ruangan tersebut merasa lebih puas lagi, dan juga mengurangi keluhan kepada pemakai.',462),(1554,18,'Dikelola dengan Baik',462),(1555,19,'Bersih',462),(1556,20,'Bersih',462),(1557,21,'Bersih',462),(1558,22,'Bersih',462),(1559,23,'Bersih',462),(1560,1,'Sangat Sesuai',463),(1561,4,'Mudah',463),(1562,5,'Sangat Cepat',463),(1563,6,'Sangat Wajar',463),(1564,7,'Sangat Sesuai',463),(1565,8,'Sudah sangat sesuai',463),(1566,9,'Sangat Kompeten',463),(1567,10,'Divisi Keamanan',463),(1568,11,'Sopan dan Ramah',463),(1569,12,'Sangat Baik',463),(1570,13,'Sangat efektif',463),(1571,14,'Sangat cukup',463),(1572,15,'Cukup',463),(1573,16,'Layanan Sarana Prasarana Gedung Cimahi Techno Park dan BITC (Hall/Creative Corner/Ruang Kelas/Ruang Multimedia/Studio Foto/Dubbing/Ruang Rapat);Layanan Inkubasi Bisnis Teknologi 2024,;Layanan Fokus (Foto Gratis Khusus UKM/IKM Kota Cimahi)',463),(1574,17,'Biar melengkapi yg sudah ada',463),(1575,18,'Dikelola dengan Baik',463),(1576,19,'Bersih',463),(1577,20,'Bersih',463),(1578,21,'Bersih',463),(1579,22,'Bersih',463),(1580,23,'Bersih',463),(1581,1,'Mudah',464),(1582,4,'Kurang Cepat',464),(1583,5,'Sangat Wajar',464),(1584,6,'Sesuai',464),(1585,7,'',464),(1586,8,'Kompeten',464),(1587,9,'Divisi Kebersihan',464),(1588,10,'Sopan dan Ramah',464),(1589,11,'Baik',464),(1590,12,'Efektif',464),(1591,13,'Kantin',464),(1592,14,'Layanan Inkubasi Bisnis Teknologi 2024,;Layanan Cimahi Makerspace,;Layanan Fokus (Foto Gratis Khusus UKM/IKM Kota Cimahi)',464),(1593,15,'Perbaharui peralatan penunjang',464),(1594,16,'Dikelola dengan Baik',464),(1595,17,'Cukup Bersih',464),(1596,18,'Cukup Bersih',464),(1597,19,'Cukup Bersih',464),(1598,20,'Cukup Bersih',464),(1599,21,'Cukup Bersih',464),(1600,1,'Kurang Mudah',465),(1601,4,'Cepat',465),(1602,5,'Wajar',465),(1603,6,'Kurang Sesuai',465),(1604,7,'Kebersihan lokasi tidak begitu diperhatikan',465),(1605,8,'Kurang Kompeten',465),(1606,9,'Divisi Kebersihan',465),(1607,10,'Sopan dan Ramah',465),(1608,11,'Cukup',465),(1609,12,'Tidak efektif',465),(1610,13,'Aplikasi error/tidak bisa digunakan untuk peminjaman, berakhir via proses manual, kontak ke CS BITC',465),(1611,14,'-',465),(1612,15,'Layanan Sarana Prasarana Gedung Cimahi Techno Park dan BITC (Hall/Creative Corner/Ruang Kelas/Ruang Multimedia/Studio Foto/Dubbing/Ruang Rapat);Layanan Inkubasi Bisnis Teknologi 2024',465),(1613,16,'Untuk mensupport operasional kerja sehari-hari',465),(1614,17,'Lambat/slow respon',465),(1615,18,'Bersih',465),(1616,19,'Bersih',465),(1617,20,'Bersih',465),(1618,21,'Bersih',465),(1619,1,'Mudah',466),(1620,4,'Cepat',466),(1621,5,'Wajar',466),(1622,6,'Sesuai',466),(1623,7,'Tidak ada',466),(1624,8,'Kompeten',466),(1625,9,'Divisi Pelayanan',466),(1626,10,'Sopan dan Ramah',466),(1627,11,'Baik',466),(1628,12,'Efektif',466),(1629,13,'Kantin/cafetaria yang memumpuni',466),(1630,14,'Layanan Cimahi Makerspace,;Layanan PKL/magang kerja/penelitian',466),(1631,15,'Agar dapat mencakup lebih banyak siswa/I dalam mengembangkan industri kreatif lewat layanan CMS/magang di Cimahi technopark',466),(1632,16,'Dikelola dengan Baik',466),(1633,17,'Bersih',466),(1634,18,'Bersih',466),(1635,19,'Bersih',466),(1636,20,'Bersih',466),(1637,21,'Bersih',466),(1638,1,'Mudah',467),(1639,4,'Cepat',467),(1640,5,'Wajar',467),(1641,6,'Sesuai',467),(1642,7,'Tidak ada',467),(1643,8,'Kompeten',467),(1644,9,'Divisi Kebersihan;Divisi Keamanan;Divisi Pelayanan;Divisi Teknisi',467),(1645,10,'Sopan dan Ramah',467),(1646,11,'Baik',467),(1647,12,'Efektif',467),(1648,13,'Tidak ada',467),(1649,14,'Cafetaria agar memudahkan saat istirahat makan siang, dan komputer karena masih ada beberapa komputer yang sering ngelag dan berbagai macam.',467),(1650,15,'Layanan Sarana Prasarana Gedung Cimahi Techno Park dan BITC (Hall/Creative Corner/Ruang Kelas/Ruang Multimedia/Studio Foto/Dubbing/Ruang Rapat);Layanan Inkubasi Bisnis Teknologi 2024,;Layanan Cimahi Makerspace,;Layanan PKL/magang kerja/penelitian;Layanan ',467),(1651,16,'Demi kenyamanan bersama',467),(1652,17,'Dikelola dengan Baik',467),(1653,18,'Cukup Bersih',467),(1654,19,'Cukup Bersih',467),(1655,20,'Bersih',467),(1656,21,'Bersih',467),(1657,22,'Bersih',467),(1658,1,'Mudah',468),(1659,4,'Cepat',468),(1660,5,'Wajar',468),(1661,6,'Sesuai',468),(1662,7,'Tidak ada',468),(1663,8,'Kompeten',468),(1664,9,'Divisi Kebersihan;Divisi Keamanan;Divisi Pelayanan;Divisi Teknisi',468),(1665,10,'Sopan dan Ramah',468),(1666,11,'Baik',468),(1667,12,'Efektif',468),(1668,13,'Kantin di dalam gedung',468),(1669,14,'Layanan Cimahi Makerspace',468),(1670,15,'Untuk meningkatkan kenyamanan untuk orang-orang di Cimahi Makerspace',468),(1671,16,'Dikelola dengan Baik',468),(1672,17,'Kurang Bersih',468),(1673,18,'Bersih',468),(1674,19,'Bersih',468),(1675,20,'Bersih',468),(1676,21,'Bersih',468),(1677,1,'Mudah',469),(1678,4,'Cepat',469),(1679,5,'Wajar',469),(1680,6,'Sesuai',469),(1681,7,'Tidak ada',469),(1682,8,'Kompeten',469),(1683,9,'Divisi Keamanan',469),(1684,10,'Sopan dan Ramah',469),(1685,11,'Baik',469),(1686,12,'Efektif',469),(1687,13,'Kantin dan Kafeteria',469),(1688,14,'Layanan Cimahi Makerspace,;Layanan PKL/magang kerja/penelitian',469),(1689,15,'Untuk kenyamanan bersama',469),(1690,16,'Dikelola dengan Baik',469),(1691,17,'Bersih',469),(1692,18,'Bersih',469),(1693,19,'Bersih',469),(1694,20,'Bersih',469),(1695,21,'Bersih',469),(1696,1,'Sangat Mudah',470),(1697,4,'Sangat Cepat',470),(1698,5,'Sangat Wajar',470),(1699,6,'Sangat Sesuai',470),(1700,7,'Tidak ada',470),(1701,8,'Sangat Kompeten',470),(1702,9,'Divisi Kebersihan',470),(1703,10,'Sangat Sopan dan Ramah',470),(1704,11,'Sangat Baik',470),(1705,12,'Sangat Efektif',470),(1706,13,'Kebersihan',470),(1707,14,'Layanan Cimahi Makerspace,;Layanan PKL/magang kerja/penelitian',470),(1708,15,'Karena yang dibutuhkan',470),(1709,16,'Dikelola dengan Baik',470),(1710,17,'Bersih',470),(1711,18,'Bersih',470),(1712,19,'Bersih',470),(1713,20,'Bersih',470),(1714,21,'Bersih',470),(1715,1,'Sangat Mudah',471),(1716,4,'Cepat',471),(1717,5,'Wajar',471),(1718,6,'Sesuai',471),(1719,7,'Tidak ada',471),(1720,8,'Kompeten',471),(1721,9,'Divisi Kebersihan;Divisi Teknisi',471),(1722,10,'Sopan dan Ramah',471),(1723,11,'Baik',471),(1724,12,'Efektif',471),(1725,13,'Internet yang stabil',471),(1726,14,'Layanan Cimahi Makerspace',471),(1727,15,'Perlu ditingkatkan untuk bisa bersaing dengan market luar, dan menyediakan device yang lebih bagus',471),(1728,16,'Dikelola dengan Baik',471),(1729,17,'Cukup Bersih',471),(1730,18,'Cukup Bersih',471),(1731,19,'Cukup Bersih',471),(1732,20,'Cukup Bersih',471),(1733,21,'Cukup Bersih',471),(1734,1,'Mudah',472),(1735,4,'Cepat',472),(1736,5,'Wajar',472),(1737,6,'Sesuai',472),(1738,7,'Tidak ada',472),(1739,8,'Kompeten',472),(1740,9,'Divisi Pelayanan',472),(1741,10,'Sopan dan Ramah',472),(1742,11,'Cukup',472),(1743,12,'Efektif',472),(1744,13,'Mungkin perbanyak lagi area tempat duduk dan kalau bisa meja juga',472),(1745,14,'Layanan Cimahi Makerspace,;Layanan PKL/magang kerja/penelitian',472),(1746,15,'Karena mungkin saya merasakan layanannya, layanan yang lain saya tidak merasakannya',472),(1747,16,'Berfungsi Kurang Maksimal',472),(1748,17,'Bersih',472),(1749,18,'Bersih',472),(1750,19,'Bersih',472),(1751,20,'Bersih',472),(1752,21,'Bersih',472),(1753,1,'Sangat Mudah',473),(1754,4,'Cepat',473),(1755,5,'Sangat Wajar',473),(1756,6,'Sesuai',473),(1757,7,'Tidak ada',473),(1758,8,'Kompeten',473),(1759,9,'Divisi Teknisi',473),(1760,10,'Sopan dan Ramah',473),(1761,11,'Baik',473),(1762,12,'Sangat efektif',473),(1763,13,'Tidak ada',473),(1764,14,'Layanan Sarana Prasarana Gedung Cimahi Techno Park dan BITC (Hall/Creative Corner/Ruang Kelas/Ruang Multimedia/Studio Foto/Dubbing/Ruang Rapat)',473),(1765,15,'Untuk mengantisipasi tuntutan kebutuhan',473),(1766,16,'Dikelola dengan Baik',473),(1767,17,'Bersih',473),(1768,18,'Bersih',473),(1769,19,'Bersih',473),(1770,20,'Bersih',473),(1771,21,'Bersih',473),(1772,1,'Sangat Mudah',474),(1773,4,'Sangat Cepat',474),(1774,5,'Wajar',474),(1775,6,'Sesuai',474),(1776,7,'Tidak ada',474),(1777,8,'Kompeten',474),(1778,9,'Divisi Kebersihan',474),(1779,10,'Sopan dan Ramah',474),(1780,11,'Sangat Baik',474),(1781,12,'Sangat efektif',474),(1782,13,'Sarana yang dibutuhkan seperti program-program mengenai digital kreatif',474),(1783,14,'Layanan Cimahi Makerspace',474),(1784,15,'Untuk kenyamanan kita bersama dalam mencari tempat magang dan meningkatkan sistem kerja Cimahi Makerspace',474),(1785,16,'Dikelola dengan Baik',474),(1786,17,'Bersih',474),(1787,18,'Bersih',474),(1788,19,'Bersih',474),(1789,20,'Bersih',474),(1790,21,'Bersih',474),(1791,1,'Sangat Mudah',475),(1792,4,'Cepat',475),(1793,5,'Wajar',475),(1794,6,'Sesuai',475),(1795,7,'Tidak ada',475),(1796,8,'Kompeten',475),(1797,9,'Divisi Kebersihan',475),(1798,10,'Sopan dan Ramah',475),(1799,11,'Baik',475),(1800,12,'Efektif',475),(1801,13,'Sarana yang dibutuhkan seperti komputer dan jaringan yang lebih memadai',475),(1802,14,'Layanan Cimahi Makerspace',475),(1803,15,'Karena memudahkan bagi seseorang yang memiliki keahlian di bidang digital kreatif untuk mencari tempat magang, pengalaman lebih dalam lagi di bidang digital kreatif',475),(1804,16,'Dikelola dengan Baik',475),(1805,17,'Bersih',475),(1806,18,'Bersih',475),(1807,19,'Bersih',475),(1808,20,'Bersih',475),(1809,21,'Bersih',475),(1810,1,'Sangat Mudah',476),(1811,4,'Sangat Cepat',476),(1812,5,'Sangat Wajar',476),(1813,6,'Sesuai',476),(1814,7,'Tidak ada',476),(1815,8,'Kompeten',476),(1816,9,'Divisi Kebersihan',476),(1817,10,'Sangat Sopan dan Ramah',476),(1818,11,'Sangat Baik',476),(1819,12,'Sangat efektif',476),(1820,13,'Tidak ada',476),(1821,14,'Layanan Sarana Prasarana Gedung Cimahi Techno Park dan BITC (Hall/Creative Corner/Ruang Kelas/Ruang Multimedia/Studio Foto/Dubbing/Ruang Rapat)',476),(1822,15,'Terkadang AC ruang kelas kurang dingin',476),(1823,16,'Dikelola dengan Baik',476),(1824,17,'Bersih',476),(1825,18,'Bersih',476),(1826,19,'Bersih',476),(1827,20,'Bersih',476),(1828,21,'Bersih',476),(1848,1,'Mudah',477),(1849,4,'Cepat',477),(1850,5,'Sangat Wajar',477),(1851,6,'Sesuai',477),(1852,7,'Tidak ada',477),(1853,8,'Kompeten',477),(1854,9,'Divisi Kebersihan',477),(1855,10,'Sopan dan Ramah',477),(1856,11,'Baik',477),(1857,12,'Sangat efektif',477),(1858,13,'Sudah sesuai',477),(1859,14,'Layanan Inkubasi Bisnis Teknologi 2024',477),(1860,15,'Memperluas informasi program pelatihan',477),(1861,16,'Dikelola dengan Baik',477),(1862,17,'Bersih',477),(1863,18,'Bersih',477),(1864,19,'Bersih',477),(1865,20,'Bersih',477),(1866,21,'Bersih',477),(1867,1,'Mudah',478),(1868,4,'Cepat',478),(1869,5,'Wajar',478),(1870,6,'Sesuai',478),(1871,7,'Tidak ada',478),(1872,8,'Kompeten',478),(1873,9,'Divisi Kebersihan',478),(1874,10,'Sopan dan Ramah',478),(1875,11,'Baik',478),(1876,12,'Efektif',478),(1877,13,'Tempat penyimpanan barang',478),(1878,14,'Layanan Sarana Prasarana Gedung Cimahi Techno Park dan BITC (Hall/Creative Corner/Ruang Kelas/Ruang Multimedia/Studio Foto/Dubbing/Ruang Rapat)',478),(1879,15,'Tidak ada',478),(1880,16,'Dikelola dengan Baik',478),(1881,17,'Bersih',478),(1882,18,'Bersih',478),(1883,19,'Bersih',478),(1884,20,'Bersih',478),(1885,21,'Bersih',478),(1886,1,'Mudah',479),(1887,4,'Cepat',479),(1888,5,'Wajar',479),(1889,6,'Sesuai',479),(1890,7,'Tidak ada',479),(1891,8,'Kompeten',479),(1892,9,'Divisi Kebersihan',479),(1893,10,'Sopan dan Ramah',479),(1894,11,'Baik',479),(1895,12,'Efektif',479),(1896,13,'Tidak ada',479),(1897,14,'Layanan Sarana Prasarana Gedung Cimahi Techno Park dan BITC (Hall/Creative Corner/Ruang Kelas/Ruang Multimedia/Studio Foto/Dubbing/Ruang Rapat);Layanan Inkubasi Bisnis Teknologi 2024,;Layanan Cimahi Makerspace,;Layanan PKL/magang kerja/penelitian;Layanan ',479),(1898,15,'Mantap',479),(1899,16,'Dikelola dengan Baik',479),(1900,17,'Bersih',479),(1901,18,'Bersih',479),(1902,19,'Bersih',479),(1903,20,'Bersih',479),(1904,21,'Bersih',479),(1905,1,'Mudah',480),(1906,4,'Cepat',480),(1907,5,'Sangat Wajar',480),(1908,6,'Sangat Sesuai',480),(1909,7,'Tidak ada',480),(1910,8,'Sangat Kompeten',480),(1911,9,'Divisi Pelayanan',480),(1912,10,'Sangat Sopan dan Ramah',480),(1913,11,'Sangat Baik',480),(1914,12,'Sangat Efektif',480),(1915,13,'Area taman agar lebih terawat',480),(1916,14,'Layanan Inkubasi Bisnis Teknologi 2024,;Layanan Cimahi Makerspace,;Layanan PKL/magang kerja/penelitian',480),(1917,15,'Agar mampu menampung talent lebih banyak lagi',480),(1918,16,'Berfungsi Kurang Maksimal',480),(1919,17,'Bersih',480),(1920,18,'Bersih',480),(1921,19,'Bersih',480),(1922,20,'Bersih',480),(1923,21,'Bersih',480),(1924,1,'Mudah',481),(1925,4,'Cepat',481),(1926,5,'Wajar',481),(1927,6,'Sesuai',481),(1928,7,'Tidak ada',481),(1929,8,'Kompeten',481),(1930,9,'Divisi Teknisi',481),(1931,10,'Sopan dan Ramah',481),(1932,11,'Baik',481),(1933,12,'Efektif',481),(1934,13,'Udah ok',481),(1935,14,'Layanan Sarana Prasarana Gedung Cimahi Techno Park dan BITC (Hall/Creative Corner/Ruang Kelas/Ruang Multimedia/Studio Foto/Dubbing/Ruang Rapat)',481),(1936,15,'Udah ok',481),(1937,16,'Dikelola dengan Baik',481),(1938,17,'Cukup Bersih',481),(1939,18,'Cukup Bersih',481),(1940,19,'Cukup Bersih',481),(1941,20,'Cukup Bersih',481),(1942,21,'Cukup Bersih',481),(1943,1,'Mudah',482),(1944,4,'Sangat Cepat',482),(1945,5,'Wajar',482),(1946,6,'Sesuai',482),(1947,7,'Tidak ada',482),(1948,8,'Sangat Kompeten',482),(1949,9,'Divisi Pelayanan',482),(1950,10,'Sopan dan Ramah',482),(1951,11,'Baik',482),(1952,12,'Efektif',482),(1953,13,'Tidak ada',482),(1954,14,'Layanan Cimahi Makerspace',482),(1955,15,'Mungkin perlu disediakan software original',482),(1956,16,'Dikelola dengan Baik',482),(1957,17,'Cukup Bersih',482),(1958,18,'Bersih',482),(1959,19,'Bersih',482),(1960,20,'Bersih',482),(1961,21,'Bersih',482),(1962,1,'Mudah',483),(1963,4,'Cepat',483),(1964,5,'Wajar',483),(1965,6,'Sesuai',483),(1966,7,'Tidak ada',483),(1967,8,'Kompeten',483),(1968,9,'Divisi Keamanan',483),(1969,10,'Sopan dan Ramah',483),(1970,11,'Baik',483),(1971,12,'Efektif',483),(1972,13,'Sudah cukup',483),(1973,14,'Layanan Cimahi Makerspace',483),(1974,15,'Wifi lebih cepat',483),(1975,16,'Dikelola dengan Baik',483),(1976,17,'Bersih',483),(1977,18,'Bersih',483),(1978,19,'Bersih',483),(1979,20,'Bersih',483),(1980,21,'Bersih',483),(1981,1,'Sangat Mudah',484),(1982,4,'Sangat Cepat',484),(1983,5,'Sangat Wajar',484),(1984,6,'Sangat Sesuai',484),(1985,7,'Tidak ada',484),(1986,8,'Sangat Kompeten',484),(1987,9,'Divisi Pelayanan',484),(1988,10,'Sangat Sopan dan Ramah',484),(1989,11,'Sangat Baik',484),(1990,12,'Sangat Efektif',484),(1991,13,'Perbaikan sarana olahraga',484),(1992,14,'Layanan Cimahi Makerspace',484),(1993,15,'Agar bisa membawa lebih banyak siswa yang berpotensi di bidang industri kreatif',484),(1994,16,'Dikelola dengan Baik',484),(1995,17,'Bersih',484),(1996,18,'Bersih',484),(1997,19,'Bersih',484),(1998,20,'Bersih',484),(1999,21,'Bersih',484),(2000,1,'Mudah',485),(2001,4,'Cepat',485),(2002,5,'Wajar',485),(2003,6,'Sesuai',485),(2004,7,'Tidak ada',485),(2005,8,'Kompeten',485),(2006,9,'Divisi Teknisi',485),(2007,10,'Sopan dan Ramah',485),(2008,11,'Cukup',485),(2009,12,'Efektif',485),(2010,13,'Fasilitas kantin di dalam Gedung',485),(2011,14,'Layanan Sarana Prasarana Gedung Cimahi Techno Park dan BITC (Hall/Creative Corner/Ruang Kelas/Ruang Multimedia/Studio Foto/Dubbing/Ruang Rapat)',485),(2012,15,'Agar lebih mudah diakses',485),(2013,16,'Dikelola dengan Baik',485),(2014,17,'Cukup Bersih',485),(2015,18,'Cukup Bersih',485),(2016,19,'Cukup Bersih',485),(2017,20,'Bersih',485),(2018,21,'Bersih',485),(2019,1,'Sangat Mudah',486),(2020,4,'Sangat Cepat',486),(2021,5,'Sangat Wajar',486),(2022,6,'Sangat Sesuai',486),(2023,7,'Tidak ada',486),(2024,8,'Sangat Kompeten',486),(2025,9,'Divisi Teknisi',486),(2026,10,'Sangat Sopan dan Ramah',486),(2027,11,'Sangat Baik',486),(2028,12,'Sangat efektif',486),(2029,13,'Ruang komunal',486),(2030,14,'Layanan Sarana Prasarana Gedung Cimahi Techno Park dan BITC (Hall/Creative Corner/Ruang Kelas/Ruang Multimedia/Studio Foto/Dubbing/Ruang Rapat)',486),(2031,15,'Mempermudah penggiat industri kreatif dalam aktifitasnya',486),(2032,16,'Dikelola dengan Baik',486),(2033,17,'Bersih',486),(2034,18,'Bersih',486),(2035,19,'Bersih',486),(2036,20,'Bersih',486),(2037,21,'Bersih',486),(2038,1,'Sangat Mudah',487),(2039,4,'Sangat Cepat',487),(2040,5,'Sangat Wajar',487),(2041,6,'Sangat Sesuai',487),(2042,7,'Tidak ada',487),(2043,8,'Sangat Kompeten',487),(2044,9,'Divisi Kebersihan',487),(2045,10,'Sangat Sopan dan Ramah',487),(2046,11,'Baik',487),(2047,12,'Sangat efektif',487),(2048,13,'Paling internet aja agar jangan sampai tiba-tiba terputus',487),(2049,14,'Layanan Sarana Prasarana Gedung Cimahi Techno Park dan BITC (Hall/Creative Corner/Ruang Kelas/Ruang Multimedia/Studio Foto/Dubbing/Ruang Rapat)',487),(2050,15,'Dari segi kebersihan saja',487),(2051,16,'Dikelola dengan Baik',487),(2052,17,'Bersih',487),(2053,18,'Bersih',487),(2054,19,'Bersih',487),(2055,20,'Bersih',487),(2056,21,'Bersih',487),(2057,1,'Sangat Mudah',488),(2058,4,'Sangat Cepat',488),(2059,5,'Sangat Wajar',488),(2060,6,'Sangat Sesuai',488),(2061,7,'Tidak ada',488),(2062,8,'Sangat Kompeten',488),(2063,9,'Divisi Keamanan',488),(2064,10,'Sangat Sopan dan Ramah',488),(2065,11,'Sangat Baik',488),(2066,12,'Sangat efektif',488),(2067,13,'Sudah cukup',488),(2068,14,'Layanan Cimahi Makerspace',488),(2069,15,'Karena cimahi makerspace program nomor 1 di cimahi maka harus terus di tingkatkan lebih baik lagi untuk menjaga program ini terus berjalan',488),(2070,16,'Dikelola dengan Baik',488),(2071,17,'Bersih',488),(2072,18,'Bersih',488),(2073,19,'Bersih',488),(2074,20,'Bersih',488),(2075,21,'Bersih',488),(2076,1,'Sangat Mudah',489),(2077,4,'Sangat Cepat',489),(2078,5,'Sangat Wajar',489),(2079,6,'Sangat Sesuai',489),(2080,7,'Tidak ada',489),(2081,8,'Sangat Kompeten',489),(2082,9,'Divisi Keamanan',489),(2083,10,'Sangat Sopan dan Ramah',489),(2084,11,'Baik',489),(2085,12,'Efektif',489),(2086,13,'Ruang podcast',489),(2087,14,'Layanan Inkubasi Bisnis Teknologi 2024,;Layanan Fokus (Foto Gratis Khusus UKM/IKM Kota Cimahi)',489),(2088,15,'Agar persentase keberhasilannya semakin tinggi',489),(2089,16,'Dikelola dengan Baik',489),(2090,17,'Bersih',489),(2091,18,'Bersih',489),(2092,19,'Bersih',489),(2093,20,'Bersih',489),(2094,21,'Bersih',489),(2095,1,'Mudah',490),(2096,4,'Cepat',490),(2097,5,'Wajar',490),(2098,6,'Sesuai',490),(2099,7,'Tidak ada',490),(2100,8,'Kompeten',490),(2101,9,'Divisi Teknisi',490),(2102,10,'Sopan dan Ramah',490),(2103,11,'Sangat Baik',490),(2104,12,'Efektif',490),(2105,13,'Tidak ada',490),(2106,14,'Layanan Sarana Prasarana Gedung Cimahi Techno Park dan BITC (Hall/Creative Corner/Ruang Kelas/Ruang Multimedia/Studio Foto/Dubbing/Ruang Rapat);Layanan Cimahi Makerspace',490),(2107,15,'Agar lebih baik lagi',490),(2108,16,'Dikelola dengan Baik',490),(2109,17,'Bersih',490),(2110,18,'Bersih',490),(2111,19,'Bersih',490),(2112,20,'Bersih',490),(2113,21,'Bersih',490),(2114,1,'Mudah',491),(2115,4,'Cepat',491),(2116,5,'Wajar',491),(2117,6,'Sesuai',491),(2118,7,'tidak ada',491),(2119,8,'Kompeten',491),(2120,9,'Divisi Pelayanan',491),(2121,10,'Sopan dan Ramah',491),(2122,11,'Baik',491),(2123,12,'Efektif',491),(2124,13,'tidak ada',491),(2125,14,'Layanan PKL/magang kerja/penelitian',491),(2126,15,'cukup',491),(2127,16,'Dikelola dengan Baik',491),(2128,17,'Cukup Bersih',491),(2129,18,'Cukup Bersih',491),(2130,19,'Cukup Bersih',491),(2131,20,'Cukup Bersih',491),(2132,21,'Cukup Bersih',491),(2133,1,'Mudah',492),(2134,4,'Cepat',492),(2135,5,'Wajar',492),(2136,6,'Sesuai',492),(2137,8,'Sangat Kompeten',492),(2138,9,'Divisi Teknisi',492),(2139,10,'Sangat Sopan dan Ramah',492),(2140,11,'Cukup',492),(2141,12,'Sangat efektif',492),(2142,13,'Software yang original (contohnya adobe) cukup dibeberapa PC saja',492),(2143,14,'Layanan Sarana Prasarana Gedung Cimahi Techno Park dan BITC (Hall/Creative Corner/Ruang Kelas/Ruang Multimedia/Studio Foto/Dubbing/Ruang Rapat);Layanan Cimahi Makerspace',492),(2144,15,'Agar dapat menunjang lebih baik kegiatan yang ada',492),(2145,16,'Dikelola dengan Baik',492),(2146,17,'Bersih',492),(2147,18,'Bersih',492),(2148,19,'Bersih',492),(2149,20,'Bersih',492),(2150,21,'Bersih',492),(2151,1,'Mudah',493),(2152,4,'Cepat',493),(2153,5,'Wajar',493),(2154,6,'Sesuai',493),(2155,7,'Sesuai',493),(2156,8,'Kompeten',493),(2157,9,'Divisi Kebersihan',493),(2158,10,'Sopan dan Ramah',493),(2159,11,'Baik',493),(2160,12,'Efektif',493),(2161,13,'Sarana dan prasarana sudah cukup',493),(2162,14,'Layanan PKL/magang kerja/penelitian',493),(2163,15,'Supaya Siswa/Mahasiswa dapat belajar hal hal baru di UPTD Cimahi techno park',493),(2164,16,'Dikelola dengan Baik',493),(2165,17,'Bersih',493),(2166,18,'Bersih',493),(2167,19,'Bersih',493),(2168,20,'Bersih',493),(2169,21,'Bersih',493),(2170,1,'Sangat Sesuai',494),(2171,4,'Sangat Mudah',494),(2172,5,'Cepat',494),(2173,6,'Wajar',494),(2174,7,'Sesuai',494),(2175,8,'Tidak ada',494),(2176,9,'Kompeten',494),(2177,10,'Divisi Kebersihan',494),(2178,11,'Sangat Sopan dan Ramah',494),(2179,12,'Cukup',494),(2180,13,'Efektif',494),(2181,14,'Tidak ada',494),(2182,15,'Tidak ada',494),(2183,16,'Layanan PKL/magang kerja/penelitian',494),(2184,17,'Supaya lebih nyaman',494),(2185,18,'Dikelola dengan Baik',494),(2186,19,'Kurang Bersih',494),(2187,20,'Bersih',494),(2188,21,'Bersih',494),(2189,22,'Bersih',494),(2190,23,'Bersih',494),(2191,1,'Sangat Sesuai',495),(2192,4,'Mudah',495),(2193,5,'Cepat',495),(2194,6,'Wajar',495),(2195,7,'Sesuai',495),(2196,8,'Sangat Kompeten',495),(2197,9,'Divisi Kebersihan;Divisi Keamanan',495),(2198,10,'Sangat Sopan dan Ramah',495),(2199,11,'Sangat Baik',495),(2200,12,'Efektif',495),(2201,13,'tidak ada',495),(2202,14,'cukup',495),(2203,15,'Layanan PKL/magang kerja/penelitian',495),(2204,16,'supaya lebih nyaman dan menarik peminat',495),(2205,17,'Dikelola dengan Baik',495),(2206,18,'Bersih',495),(2207,19,'Bersih',495),(2208,20,'Bersih',495),(2209,21,'Bersih',495),(2210,22,'Bersih',495),(2211,1,'Sesuai',496),(2212,4,'Mudah',496),(2213,5,'Cepat',496),(2214,6,'Sangat Wajar',496),(2215,7,'Sesuai',496),(2216,8,'jadwal terlalu padat, sehingga peminjaman hrs dilakukan jauh hari',496),(2217,9,'Kompeten',496),(2218,10,'Divisi Kebersihan',496),(2219,11,'Sopan dan Ramah',496),(2220,12,'Cukup',496),(2221,13,'Efektif',496),(2222,14,'seringkali hrs double konfirm',496),(2223,15,'tempat sampah dan rambu2',496),(2224,16,'Layanan Sarana Prasarana Gedung Cimahi Techno Park dan BITC (Hall/Creative Corner/Ruang Kelas/Ruang Multimedia/Studio Foto/Dubbing/Ruang Rapat)',496),(2225,17,'perlu maintenance terhadap gedung yg dikelola krn sdh mulai kusam kelihatannya',496),(2226,18,'Dikelola dengan Baik',496),(2227,19,'Bersih',496),(2228,20,'Bersih',496),(2229,21,'Bersih',496),(2230,22,'Bersih',496),(2231,23,'Bersih',496),(2232,1,'Kurang Sesuai',497),(2233,4,'Kurang Mudah',497),(2234,5,'Cepat',497),(2235,6,'Wajar',497),(2236,7,'Sesuai',497),(2237,8,'Ac ruangan saya prosesnya lama dan diganti seadanya. Mohon diganti dengan yg lebih bagus sesuai dengan ruangannya',497),(2238,9,'Kompeten',497),(2239,10,'Divisi Kebersihan;Divisi Pelayanan;Divisi Teknisi',497),(2240,11,'Sopan dan Ramah',497),(2241,12,'Cukup',497),(2242,13,'Kurang efektif',497),(2243,14,'Terlalu ribet, lebih respon cepat dari admin',497),(2244,15,'Kebersihan, lampu di lantai 2, maintenance ac',497),(2245,16,'Layanan Sarana Prasarana Gedung Cimahi Techno Park dan BITC (Hall/Creative Corner/Ruang Kelas/Ruang Multimedia/Studio Foto/Dubbing/Ruang Rapat);Layanan PKL/magang kerja/penelitian',497),(2246,17,'Agar para tenant nyaman dari kebersihan terutama lantai 2 tolong kasih sabun, kaca',497),(2247,18,'Berfungsi Kurang Maksimal',497),(2248,19,'Cukup Bersih',497),(2249,20,'Cukup Bersih',497),(2250,21,'Bersih',497),(2251,22,'Bersih',497),(2252,23,'Bersih',497),(2253,1,'Sangat Sesuai',498),(2254,4,'Sangat Mudah',498),(2255,5,'Sangat Cepat',498),(2256,6,'Sangat Wajar',498),(2257,7,'Sangat Sesuai',498),(2258,8,'Sangat Kompeten',498),(2259,9,'Divisi Kebersihan',498),(2260,10,'Sangat Sopan dan Ramah',498),(2261,11,'Sangat Baik',498),(2262,12,'Sangat efektif',498),(2263,13,'',498),(2264,14,'Device yang lebih mumpuni untuk peserta cimahi makerspace',498),(2265,15,'Layanan Sarana Prasarana Gedung Cimahi Techno Park dan BITC (Hall/Creative Corner/Ruang Kelas/Ruang Multimedia/Studio Foto/Dubbing/Ruang Rapat)',498),(2266,16,'Device yang agak tertinggal dengan kebutuhan perangkat lunak yang ada saat ini. Fasilitas toilet yang banyak rusak dll.',498),(2267,17,'Berfungsi Kurang Maksimal',498),(2268,18,'Bersih',498),(2269,19,'Bersih',498),(2270,20,'Bersih',498),(2271,21,'Bersih',498),(2272,22,'Bersih',498),(2273,23,'',498),(2274,1,'Sesuai',499),(2275,4,'Mudah',499),(2276,5,'Cepat',499),(2277,6,'Wajar',499),(2278,7,'Sesuai',499),(2279,8,'Kompeten',499),(2280,9,'Divisi Kebersihan',499),(2281,10,'Sopan dan Ramah',499),(2282,11,'Baik',499),(2283,12,'Efektif',499),(2284,13,'',499),(2285,14,'Aula',499),(2286,15,'Layanan Sarana Prasarana Gedung Cimahi Techno Park dan BITC (Hall/Creative Corner/Ruang Kelas/Ruang Multimedia/Studio Foto/Dubbing/Ruang Rapat)',499),(2287,16,'Agar lebih mendukung',499),(2288,17,'Dikelola dengan Baik',499),(2289,18,'Bersih',499),(2290,19,'Bersih',499),(2291,20,'Bersih',499),(2292,21,'Bersih',499),(2293,22,'Bersih',499),(2294,23,'',499),(2295,1,'Sesuai',500),(2296,4,'Mudah',500),(2297,5,'Cepat',500),(2298,6,'Sangat Wajar',500),(2299,7,'Sesuai',500),(2300,8,'Kompeten',500),(2301,9,'Divisi Kebersihan',500),(2302,10,'Sopan dan Ramah',500),(2303,11,'Baik',500),(2304,12,'Efektif',500),(2305,13,'',500),(2306,14,'Ruang meeting',500),(2307,15,'Layanan Inkubasi Bisnis Teknologi 2024,;Layanan PKL/magang kerja/penelitian',500),(2308,16,'Jumlah demand keduanya meningkat seiring berjalannya waktu, dengan meningkatkan dua layanan itu maka akan lebih banyak orang terbantu.',500),(2309,17,'Dikelola dengan Baik',500),(2310,18,'Bersih',500),(2311,19,'Bersih',500),(2312,20,'Bersih',500),(2313,21,'Bersih',500),(2314,22,'Bersih',500),(2315,23,'',500),(2316,1,'Sangat Sesuai',501),(2317,4,'Sangat Mudah',501),(2318,5,'Sangat Cepat',501),(2319,6,'Sangat Wajar',501),(2320,7,'Sangat Sesuai',501),(2321,8,'Sangat Kompeten',501),(2322,9,'Divisi Kebersihan',501),(2323,10,'Sangat Sopan dan Ramah',501),(2324,11,'Sangat Baik',501),(2325,12,'Sangat efektif',501),(2326,13,'',501),(2327,14,'Sudah cukup baik, bila pun ada penambahan atau perbaikan, hanya di sisi interior ruangan saja',501),(2328,15,'Layanan Sarana Prasarana Gedung Cimahi Techno Park dan BITC (Hall/Creative Corner/Ruang Kelas/Ruang Multimedia/Studio Foto/Dubbing/Ruang Rapat)',501),(2329,16,'Untuk lebih menarik secara visual dan media sosial',501),(2330,17,'Dikelola dengan Baik',501),(2331,18,'Bersih',501),(2332,19,'Bersih',501),(2333,20,'Bersih',501),(2334,21,'Bersih',501),(2335,22,'Bersih',501),(2336,23,'',501),(2337,1,'Sesuai',502),(2338,4,'Kurang Mudah',502),(2339,5,'Cepat',502),(2340,6,'Wajar',502),(2341,7,'Sesuai',502),(2342,8,'Kompeten',502),(2343,9,'Divisi Teknisi',502),(2344,10,'Sopan dan Ramah',502),(2345,11,'Cukup',502),(2346,12,'Kurang efektif',502),(2347,13,'',502),(2348,14,'fasilitas untuk ibadah',502),(2349,15,'Layanan Cimahi Makerspace',502),(2350,16,'kurang edukasi tentang tujuan diadakan kegiatan tsb, karena para pekerja yang mengharapkan dapat segera bekerja, pada akhirnya terjebak menjadi wirausaha dan mengembangkan projek sendiri',502),(2351,17,'Dikelola dengan Baik',502),(2352,18,'Cukup Bersih',502),(2353,19,'Cukup Bersih',502),(2354,20,'Cukup Bersih',502),(2355,21,'Cukup Bersih',502),(2356,22,'Cukup Bersih',502),(2357,23,'',502),(2358,1,'Sesuai',503),(2359,4,'Mudah',503),(2360,5,'Cepat',503),(2361,6,'Wajar',503),(2362,7,'Sesuai',503),(2363,8,'Kompeten',503),(2364,9,'Divisi Kebersihan;Divisi Pelayanan;Divisi Teknisi',503),(2365,10,'Sopan dan Ramah',503),(2366,11,'Cukup',503),(2367,12,'Efektif',503),(2368,13,'',503),(2369,14,'Perbaikan AC & Lampu WC,sabun cuci tangan',503),(2370,15,'Layanan Sarana Prasarana Gedung Cimahi Techno Park dan BITC (Hall/Creative Corner/Ruang Kelas/Ruang Multimedia/Studio Foto/Dubbing/Ruang Rapat)',503),(2371,16,'Karena agar lebih baik',503),(2372,17,'Dikelola dengan Baik',503),(2373,18,'Bersih',503),(2374,19,'Bersih',503),(2375,20,'Bersih',503),(2376,21,'Bersih',503),(2377,22,'Bersih',503),(2378,23,'',503),(2379,1,'Sesuai',504),(2380,4,'Kurang Mudah',504),(2381,5,'Cepat',504),(2382,6,'Tidak Wajar',504),(2383,7,'Kurang Sesuai',504),(2384,8,'AC Sering rusak',504),(2385,9,'Kompeten',504),(2386,10,'Divisi Kebersihan;Divisi Keamanan;Divisi Pelayanan;Divisi Teknisi',504),(2387,11,'Sopan dan Ramah',504),(2388,12,'Cukup',504),(2389,13,'Kurang efektif',504),(2390,14,'-',504),(2391,15,'Layanan Sarana Prasarana Gedung Cimahi Techno Park dan BITC (Hall/Creative Corner/Ruang Kelas/Ruang Multimedia/Studio Foto/Dubbing/Ruang Rapat);Layanan Fokus (Foto Gratis Khusus UKM/IKM Kota Cimahi)',504),(2392,16,'-',504),(2393,17,'Lambat/slow respon',504),(2394,18,'Bersih',504),(2395,19,'Bersih',504),(2396,20,'Bersih',504),(2397,21,'Bersih',504),(2398,22,'Bersih',504),(2399,23,'',504),(2400,1,'Sesuai',505),(2401,4,'Mudah',505),(2402,5,'Cepat',505),(2403,6,'Wajar',505),(2404,7,'Sesuai',505),(2405,8,'Kompeten',505),(2406,9,'Divisi Keamanan',505),(2407,10,'Sopan dan Ramah',505),(2408,11,'Baik',505),(2409,12,'Efektif',505),(2410,13,'',505),(2411,14,'Ruang Studio',505),(2412,15,'Layanan Inkubasi Bisnis Teknologi 2024',505),(2413,16,'untuk melahirkan kembali perusahaan perusahaan potensial',505),(2414,17,'Dikelola dengan Baik',505),(2415,18,'Cukup Bersih',505),(2416,19,'Cukup Bersih',505),(2417,20,'Cukup Bersih',505),(2418,21,'Cukup Bersih',505),(2419,22,'Cukup Bersih',505),(2420,23,'',505),(2421,1,'Sesuai',506),(2422,4,'Mudah',506),(2423,5,'Cepat',506),(2424,6,'Wajar',506),(2425,7,'Sesuai',506),(2426,8,'Sangat Kompeten',506),(2427,9,'Divisi Kebersihan',506),(2428,10,'Sopan dan Ramah',506),(2429,11,'Baik',506),(2430,12,'Efektif',506),(2431,13,'',506),(2432,14,'Sarana dan prasarana mushola, seperti kebersihan mukena dan sajadah',506),(2433,15,'Layanan Sarana Prasarana Gedung Cimahi Techno Park dan BITC (Hall/Creative Corner/Ruang Kelas/Ruang Multimedia/Studio Foto/Dubbing/Ruang Rapat)',506),(2434,16,'Sisi kebersihan',506),(2435,17,'Berfungsi Kurang Maksimal',506),(2436,18,'Bersih',506),(2437,19,'Bersih',506),(2438,20,'Bersih',506),(2439,21,'Bersih',506),(2440,22,'Bersih',506),(2441,23,'',506),(2442,1,'Sesuai',507),(2443,4,'Mudah',507),(2444,5,'Sangat Cepat',507),(2445,6,'Wajar',507),(2446,7,'Sesuai',507),(2447,8,'Kompeten',507),(2448,9,'Divisi Kebersihan',507),(2449,10,'Sopan dan Ramah',507),(2450,11,'Baik',507),(2451,12,'Sangat efektif',507),(2452,13,'',507),(2453,14,'Tempat Mushola diperluas untuk bagian wanita',507),(2454,15,'Layanan Cimahi Makerspace',507),(2455,16,'-',507),(2456,17,'Dikelola dengan Baik',507),(2457,18,'Bersih',507),(2458,19,'Bersih',507),(2459,20,'Bersih',507),(2460,21,'Bersih',507),(2461,22,'Bersih',507),(2462,23,'',507),(2463,1,'Sangat Sesuai',508),(2464,4,'Mudah',508),(2465,5,'Cepat',508),(2466,6,'Wajar',508),(2467,7,'Sesuai',508),(2468,8,'Kompeten',508),(2469,9,'Divisi Keamanan',508),(2470,10,'Sopan dan Ramah',508),(2471,11,'Baik',508),(2472,12,'Efektif',508),(2473,13,'',508),(2474,14,'Alat dan media pendukung',508),(2475,15,'Layanan Fokus (Foto Gratis Khusus UKM/IKM Kota Cimahi)',508),(2476,16,'Alat dan studi yang perlu di tambah',508),(2477,17,'Dikelola dengan Baik',508),(2478,18,'Cukup Bersih',508),(2479,19,'Bersih',508),(2480,20,'Bersih',508),(2481,21,'Bersih',508),(2482,22,'Bersih',508),(2483,23,'',508),(2484,1,'Sesuai',509),(2485,4,'Mudah',509),(2486,5,'Kurang Cepat',509),(2487,6,'Wajar',509),(2488,7,'Kurang Sesuai',509),(2489,8,'Wifi di lantai 4 terkadang not connected dan lampu toilet lantai 4 mati',509),(2490,9,'Kompeten',509),(2491,10,'Divisi Kebersihan;Divisi Teknisi',509),(2492,11,'Sopan dan Ramah',509),(2493,12,'Baik',509),(2494,13,'Kurang efektif',509),(2495,14,'-',509),(2496,15,'Wifi yang lebih memadai',509),(2497,16,'Layanan Sarana Prasarana Gedung Cimahi Techno Park dan BITC (Hall/Creative Corner/Ruang Kelas/Ruang Multimedia/Studio Foto/Dubbing/Ruang Rapat)',509),(2498,17,'Supaya produktifitas kerja di ruangan menjadi lebih cepat dan lebih produktif',509),(2499,18,'Berfungsi Kurang Maksimal',509),(2500,19,'Bersih',509),(2501,20,'Bersih',509),(2502,21,'Bersih',509),(2503,22,'Bersih',509),(2504,23,'',509),(2505,1,'Sesuai',510),(2506,4,'Mudah',510),(2507,5,'Cepat',510),(2508,6,'Wajar',510),(2509,7,'Sesuai',510),(2510,8,'Kurang Kompeten',510),(2511,9,'Divisi Kebersihan',510),(2512,10,'Sopan dan Ramah',510),(2513,11,'Cukup',510),(2514,12,'Efektif',510),(2515,13,'',510),(2516,14,'sarana parkiran luas',510),(2517,15,'Layanan Sarana Prasarana Gedung Cimahi Techno Park dan BITC (Hall/Creative Corner/Ruang Kelas/Ruang Multimedia/Studio Foto/Dubbing/Ruang Rapat)',510),(2518,16,'kamar mandi kurang bersih dan ada beberapa lampu kamar mandi yang sudah mati. Lalu internet kadang suka terputus',510),(2519,17,'Berfungsi Kurang Maksimal',510),(2520,18,'Bersih',510),(2521,19,'Bersih',510),(2522,20,'Bersih',510),(2523,21,'Bersih',510),(2524,22,'Bersih',510),(2525,23,'',510),(2526,1,'Sesuai',511),(2527,4,'Mudah',511),(2528,5,'Cepat',511),(2529,6,'Wajar',511),(2530,7,'Sesuai',511),(2531,8,'Kompeten',511),(2532,9,'Divisi Kebersihan;Divisi Keamanan',511),(2533,10,'Sopan dan Ramah',511),(2534,11,'Cukup',511),(2535,12,'Kurang efektif',511),(2536,13,'',511),(2537,14,'Dedicated desk untuk tim inkubasi IBT',511),(2538,15,'Layanan Inkubasi Bisnis Teknologi 2024',511),(2539,16,'Supaya lebih optimal lagi, juga beberapa bagian agak kurang kotor dan terawat.',511),(2540,17,'Dikelola dengan Baik',511),(2541,18,'Cukup Bersih',511),(2542,19,'Cukup Bersih',511),(2543,20,'Cukup Bersih',511),(2544,21,'Cukup Bersih',511),(2545,22,'Cukup Bersih',511),(2546,23,'',511),(2547,1,'Sangat Sesuai',512),(2548,4,'Sangat Mudah',512),(2549,5,'Sangat Cepat',512),(2550,6,'Sangat Wajar',512),(2551,7,'Sangat Sesuai',512),(2552,8,'Sangat Kompeten',512),(2553,9,'Divisi Kebersihan;Divisi Keamanan',512),(2554,10,'Sangat Sopan dan Ramah',512),(2555,11,'Sangat Baik',512),(2556,12,'Sangat efektif',512),(2557,13,'',512),(2558,14,'lift',512),(2559,15,'Layanan Sarana Prasarana Gedung Cimahi Techno Park dan BITC (Hall/Creative Corner/Ruang Kelas/Ruang Multimedia/Studio Foto/Dubbing/Ruang Rapat);Layanan Inkubasi Bisnis Teknologi 2024',512),(2560,16,'Karena masih banyak beberapa sarpras yang sudah rusak, serta toilet yang kurang bersih',512),(2561,17,'Dikelola dengan Baik',512),(2562,18,'Bersih',512),(2563,19,'Bersih',512),(2564,20,'Bersih',512),(2565,21,'Bersih',512),(2566,22,'Bersih',512),(2567,23,'',512),(2568,1,'Sangat Sesuai',513),(2569,4,'Sangat Mudah',513),(2570,5,'Sangat Cepat',513),(2571,6,'Sangat Wajar',513),(2572,7,'Sangat Sesuai',513),(2573,8,'Kompeten',513),(2574,9,'Divisi Kebersihan;Divisi Keamanan',513),(2575,10,'Sopan dan Ramah',513),(2576,11,'Baik',513),(2577,12,'Efektif',513),(2578,13,'',513),(2579,14,'fasilitas show case untuk para tenant Inkubasi',513),(2580,15,'Layanan Sarana Prasarana Gedung Cimahi Techno Park dan BITC (Hall/Creative Corner/Ruang Kelas/Ruang Multimedia/Studio Foto/Dubbing/Ruang Rapat)',513),(2581,16,'Creative Corner karena ketika rapat harus lepas alas kaki, tetapi lantai nya kotor membuat kaki menjadi hitam',513),(2582,17,'Dikelola dengan Baik',513),(2583,18,'Bersih',513),(2584,19,'Bersih',513),(2585,20,'Bersih',513),(2586,21,'Bersih',513),(2587,22,'Bersih',513),(2588,23,'',513),(2589,1,'Sesuai',514),(2590,4,'Kurang Mudah',514),(2591,5,'Cepat',514),(2592,6,'Wajar',514),(2593,7,'Sesuai',514),(2594,8,'Kurang Kompeten',514),(2595,9,'Divisi Kebersihan;Divisi Teknisi',514),(2596,10,'Sopan dan Ramah',514),(2597,11,'Cukup',514),(2598,12,'Efektif',514),(2599,13,'',514),(2600,14,'peningkatan kebersihan toilet pria, parkir kendaraan',514),(2601,15,'Layanan Sarana Prasarana Gedung Cimahi Techno Park dan BITC (Hall/Creative Corner/Ruang Kelas/Ruang Multimedia/Studio Foto/Dubbing/Ruang Rapat);Layanan PKL/magang kerja/penelitian',514),(2602,16,'peningkatan dibutuhkan untuk menunjang keberhasilan para siswa/pelajar yang sedang melaksanakan PKL ataupun magang selama kegiatan berlangsung',514),(2603,17,'Dikelola dengan Baik',514),(2604,18,'Cukup Bersih',514),(2605,19,'Cukup Bersih',514),(2606,20,'Cukup Bersih',514),(2607,21,'Bersih',514),(2608,22,'Bersih',514),(2609,23,'',514),(2610,1,'Sesuai',515),(2611,4,'Mudah',515),(2612,5,'Cepat',515),(2613,6,'Wajar',515),(2614,7,'Sesuai',515),(2615,8,'Kompeten',515),(2616,9,'Divisi Kebersihan',515),(2617,10,'Sopan dan Ramah',515),(2618,11,'Sangat Baik',515),(2619,12,'Efektif',515),(2620,13,'Efektif',515),(2621,14,'Sarana dan prasarana sudah cukup',515),(2622,15,'Layanan PKL/magang kerja/penelitian',515),(2623,16,'Supaya siswa/mahasiswa dapat mendapat hal dan belajar baru di tempat tersebut',515),(2624,17,'Dikelola dengan Baik',515),(2625,18,'Bersih',515),(2626,19,'Bersih',515),(2627,20,'Bersih',515),(2628,21,'Bersih',515),(2629,22,'Bersih',515),(2630,23,'',515),(2631,1,'Sesuai',516),(2632,4,'Sangat Mudah',516),(2633,5,'Sangat Cepat',516),(2634,6,'Wajar',516),(2635,7,'Sesuai',516),(2636,8,'Kompeten',516),(2637,9,'Divisi Teknisi',516),(2638,10,'Sangat Sopan dan Ramah',516),(2639,11,'Sangat Baik',516),(2640,12,'Sangat efektif',516),(2641,13,'k',516),(2642,14,'Layanan Sarana Prasarana Gedung Cimahi Techno Park dan BITC (Hall/Creative Corner/Ruang Kelas/Ruang Multimedia/Studio Foto/Dubbing/Ruang Rapat)',516),(2643,15,'dengan meningkatnya layanan dan prasarana di CTP dan BITC membuat kegiatan menjadi lebih nyaman',516),(2644,16,'Dikelola dengan Baik',516),(2645,17,'Bersih',516),(2646,18,'Cukup Bersih',516),(2647,19,'Bersih',516),(2648,20,'Bersih',516),(2649,21,'Bersih',516),(2650,22,'',516),(2651,23,'',516),(2652,1,'Sesuai',517),(2653,4,'Mudah',517),(2654,5,'Cepat',517),(2655,6,'Wajar',517),(2656,7,'Sesuai',517),(2657,8,'Tidak ada',517),(2658,9,'Kompeten',517),(2659,10,'Divisi Kebersihan',517),(2660,11,'Sopan dan Ramah',517),(2661,12,'Cukup',517),(2662,13,'Efektif',517),(2663,14,'Tidak ada',517),(2664,15,'Tidak ada',517),(2665,16,'Layanan PKL/magang kerja/penelitian',517),(2666,17,'Tidak ada',517),(2667,18,'Berfungsi Kurang Maksimal',517),(2668,19,'Cukup Bersih',517),(2669,20,'Cukup Bersih',517),(2670,21,'Cukup Bersih',517),(2671,22,'Cukup Bersih',517),(2672,23,'',517),(2673,1,'Sesuai',518),(2674,4,'Sangat Mudah',518),(2675,5,'Cepat',518),(2676,6,'Wajar',518),(2677,7,'Sesuai',518),(2678,8,'Kompeten',518),(2679,9,'Divisi Kebersihan;Divisi Pelayanan',518),(2680,10,'Sopan dan Ramah',518),(2681,11,'Baik',518),(2682,12,'Efektif',518),(2683,13,'',518),(2684,14,'Penambahan/peningkatan fasilitas yang dapat menunjang kegiatan PKL',518),(2685,15,'Layanan Sarana Prasarana Gedung Cimahi Techno Park dan BITC (Hall/Creative Corner/Ruang Kelas/Ruang Multimedia/Studio Foto/Dubbing/Ruang Rapat);Layanan PKL/magang kerja/penelitian',518),(2686,16,'Karena beberapa hal yang dipilih terdapat beberapa kekurangan',518),(2687,17,'Dikelola dengan Baik',518),(2688,18,'Bersih',518),(2689,19,'Bersih',518),(2690,20,'Bersih',518),(2691,21,'Bersih',518),(2692,22,'Bersih',518),(2693,23,'',518),(2694,1,'Sesuai',519),(2695,4,'Mudah',519),(2696,5,'Cepat',519),(2697,6,'Wajar',519),(2698,7,'Sesuai',519),(2699,8,'Kompeten',519),(2700,9,'Divisi Kebersihan;Divisi Pelayanan',519),(2701,10,'Sopan dan Ramah',519),(2702,11,'Cukup',519),(2703,12,'Efektif',519),(2704,13,'wifi, jika diperlukan jngn hanya 1 pada setiap lantai tidak ada cermin pada lantai 4',519),(2705,14,'Layanan PKL/magang kerja/penelitian',519),(2706,15,'sebagai penunjang keberhasilan selama magang',519),(2707,16,'Berfungsi Kurang Maksimal',519),(2708,17,'Cukup Bersih',519),(2709,18,'Cukup Bersih',519),(2710,19,'Cukup Bersih',519),(2711,20,'Cukup Bersih',519),(2712,21,'Cukup Bersih',519),(2713,22,'',519),(2714,23,'',519),(2715,1,'Sesuai',520),(2716,4,'Mudah',520),(2717,5,'Cepat',520),(2718,6,'Wajar',520),(2719,7,'Sesuai',520),(2720,8,'Kompeten',520),(2721,9,'Divisi Kebersihan;Divisi Pelayanan',520),(2722,10,'Sopan dan Ramah',520),(2723,11,'Cukup',520),(2724,12,'Efektif',520),(2725,13,'Wifi yang stabil, kelengkapan pada fasilitas toilet (seperti tidak ada cermin, atau sabun cuci tangan)',520),(2726,14,'Layanan PKL/magang kerja/penelitian',520),(2727,15,'Untuk meningkatkan keberhasilan dalam menjalani PKL',520),(2728,16,'Berfungsi Kurang Maksimal',520),(2729,17,'Bersih',520),(2730,18,'Bersih',520),(2731,19,'Bersih',520),(2732,20,'Bersih',520),(2733,21,'Bersih',520),(2734,22,'',520),(2735,23,'',520),(2736,1,'Sesuai',521),(2737,4,'Mudah',521),(2738,5,'Cepat',521),(2739,6,'Wajar',521),(2740,7,'Sesuai',521),(2741,8,'Kompeten',521),(2742,9,'Divisi Pelayanan',521),(2743,10,'Sopan dan Ramah',521),(2744,11,'Baik',521),(2745,12,'Efektif',521),(2746,13,'Belum ada',521),(2747,14,'Layanan Sarana Prasarana Gedung Cimahi Techno Park dan BITC (Hall/Creative Corner/Ruang Kelas/Ruang Multimedia/Studio Foto/Dubbing/Ruang Rapat)',521),(2748,15,'Belum semuanya dimanfaatkannya jadi blm bisa berpendapat banyak',521),(2749,16,'Dikelola dengan Baik',521),(2750,17,'Bersih',521),(2751,18,'Bersih',521),(2752,19,'Bersih',521),(2753,20,'Bersih',521),(2754,21,'Bersih',521),(2755,22,'',521),(2756,23,'',521),(2757,1,'Sesuai',522),(2758,4,'Mudah',522),(2759,5,'Cepat',522),(2760,6,'Wajar',522),(2761,7,'Sesuai',522),(2762,9,'Kompeten',522),(2763,10,'Divisi Kebersihan',522),(2764,11,'Sopan dan Ramah',522),(2765,12,'Cukup',522),(2766,13,'Efektif',522),(2767,15,'Belum ada',522),(2768,16,'Layanan Sarana Prasarana Gedung Cimahi Techno Park dan BITC (Hall/Creative Corner/Ruang Kelas/Ruang Multimedia/Studio Foto/Dubbing/Ruang Rapat);Layanan PKL/magang kerja/penelitian',522),(2769,17,'#NAME?',522),(2770,18,'Berfungsi Kurang Maksimal',522),(2771,19,'Tidak Bersih',522),(2772,20,'Tidak Bersih',522),(2773,21,'Tidak Bersih',522),(2774,22,'Tidak Bersih',522),(2775,23,'Tidak Bersih',522),(2776,1,'Sesuai',523),(2777,4,'Mudah',523),(2778,5,'Cepat',523),(2779,6,'Wajar',523),(2780,7,'Sesuai',523),(2781,9,'Kompeten',523),(2782,10,'Divisi Kebersihan;Divisi Keamanan;Divisi Pelayanan;Divisi Teknisi',523),(2783,11,'Sopan dan Ramah',523),(2784,12,'Cukup',523),(2785,13,'Efektif',523),(2786,15,'-',523),(2787,16,'Sarana kebersihan',523),(2788,17,'Layanan Sarana Prasarana Gedung Cimahi Techno Park dan BITC (Hall/Creative Corner/Ruang Kelas/Ruang Multimedia/Studio Foto/Dubbing/Ruang Rapat)',523),(2789,18,'Layanan Sarana dan prasarana khususnya kebersihan di Musola',523),(2790,19,'Dikelola dengan Baik',523),(2791,20,'Bersih',523),(2792,21,'Bersih',523),(2793,22,'Bersih',523),(2794,23,'Bersih',523),(2795,1,'Kurang Sesuai',524),(2796,4,'Mudah',524),(2797,5,'Kurang Cepat',524),(2798,6,'Wajar',524),(2799,7,'Sesuai',524),(2800,9,'Kompeten',524),(2801,10,'Divisi Kebersihan;Divisi Keamanan;Divisi Pelayanan;Divisi Teknisi',524),(2802,11,'Sopan dan Ramah',524),(2803,12,'Baik',524),(2804,13,'Efektif',524),(2805,15,'Kemungkinan tentang pelayanan atau informasi',524),(2806,16,'Layanan PKL/magang kerja/penelitian',524),(2807,17,'Layanan yang lebih baik dapat menarik lebih banyak pelanggan baru dan membantu mempertahankan yang sudah ada',524),(2808,18,'Berfungsi Kurang Maksimal',524),(2809,19,'Kurang Bersih',524),(2810,20,'Cukup Bersih',524),(2811,21,'Kurang Bersih',524),(2812,22,'Cukup Bersih',524),(2813,23,'Kurang Bersih',524),(2814,1,'Sesuai',525),(2815,4,'Mudah',525),(2816,5,'Cepat',525),(2817,6,'Wajar',525),(2818,7,'Sesuai',525),(2819,9,'Kompeten',525),(2820,10,'Divisi Keamanan',525),(2821,11,'Sopan dan Ramah',525),(2822,12,'Baik',525),(2823,13,'Efektif',525),(2824,15,'-',525),(2825,16,'Layanan Sarana Prasarana Gedung Cimahi Techno Park dan BITC (Hall/Creative Corner/Ruang Kelas/Ruang Multimedia/Studio Foto/Dubbing/Ruang Rapat)',525),(2826,17,'-',525),(2827,18,'Dikelola dengan Baik',525),(2828,19,'Cukup Bersih',525),(2829,20,'Cukup Bersih',525),(2830,21,'Cukup Bersih',525),(2831,22,'Cukup Bersih',525),(2832,23,'Cukup Bersih',525),(2833,1,'Sesuai',526),(2834,4,'Mudah',526),(2835,5,'Cepat',526),(2836,6,'Wajar',526),(2837,7,'Sesuai',526),(2838,8,'Kurang pegawai',526),(2839,9,'Kompeten',526),(2840,10,'Divisi Kebersihan;Divisi Keamanan;Divisi Pelayanan;Divisi Teknisi',526),(2841,11,'Sopan dan Ramah',526),(2842,12,'Baik',526),(2843,13,'Efektif',526),(2844,14,'Koneksi',526),(2845,15,'Apk ada versi mobilenya',526),(2846,16,'Layanan Sarana Prasarana Gedung Cimahi Techno Park dan BITC (Hall/Creative Corner/Ruang Kelas/Ruang Multimedia/Studio Foto/Dubbing/Ruang Rapat);Layanan Inkubasi Bisnis Teknologi 2024;Layanan Cimahi Makerspace;Layanan PKL/magang kerja/penelitian;Layanan Fo',526),(2847,17,'Utk kemudahan akses',526),(2848,18,'Berfungsi Kurang Maksimal',526),(2849,19,'Cukup Bersih',526),(2850,20,'Cukup Bersih',526),(2851,21,'Bersih',526),(2852,22,'Bersih',526),(2853,23,'Cukup Bersih',526),(2854,1,'Sesuai',527),(2855,4,'Mudah',527),(2856,5,'Cepat',527),(2857,6,'Sangat Wajar',527),(2858,7,'Sesuai',527),(2859,9,'Kompeten',527),(2860,10,'Divisi Kebersihan',527),(2861,11,'Sopan dan Ramah',527),(2862,12,'Baik',527),(2863,13,'Efektif',527),(2864,15,'-',527),(2865,16,'Layanan Sarana Prasarana Gedung Cimahi Techno Park dan BITC (Hall/Creative Corner/Ruang Kelas/Ruang Multimedia/Studio Foto/Dubbing/Ruang Rapat)',527),(2866,17,'Terutama kebersihan toilet perlu ditingkatkan atau mungkin diremajakan',527),(2867,18,'Dikelola dengan Baik',527),(2868,19,'Bersih',527),(2869,20,'Bersih',527),(2870,21,'Bersih',527),(2871,22,'Bersih',527),(2872,23,'Bersih',527),(2873,1,'Sangat Sesuai',528),(2874,4,'Mudah',528),(2875,5,'Cepat',528),(2876,6,'Sangat Wajar',528),(2877,7,'Sesuai',528),(2878,9,'Kompeten',528),(2879,10,'Divisi Pelayanan',528),(2880,11,'Sopan dan Ramah',528),(2881,12,'Sangat Baik',528),(2882,13,'Sangat efektif',528),(2883,15,'Cukup',528),(2884,16,'Layanan Inkubasi Bisnis Teknologi 2024',528),(2885,17,'Cukup',528),(2886,18,'Dikelola dengan Baik',528),(2887,19,'Bersih',528),(2888,20,'Bersih',528),(2889,21,'Bersih',528),(2890,22,'Bersih',528),(2891,23,'Bersih',528),(2892,1,'Sangat Sesuai',529),(2893,4,'Sangat Mudah',529),(2894,5,'Sangat Cepat',529),(2895,6,'Wajar',529),(2896,7,'Tidak Sesuai',529),(2897,8,'tidak ada aplikasi untuk booking ruang meeting ataupun untuk dashboard pembayaran2 retribusi, biar jadi 1 pintu. repot kalo harus manual lewat whatsapp',529),(2898,9,'Sangat Kompeten',529),(2899,10,'Divisi Teknisi',529),(2900,11,'Sangat Sopan dan Ramah',529),(2901,12,'Sangat Baik',529),(2902,13,'Tidak efektif',529),(2903,14,'kadang tidak bisa dipakai, kadang eror, tampilan nya sulit dimengeri',529),(2904,15,'parkiran mobil dikasi garis pembatas, agar parkirnya rapi dan muat banyak',529),(2905,16,'Layanan Sarana Prasarana Gedung Cimahi Techno Park dan BITC (Hall/Creative Corner/Ruang Kelas/Ruang Multimedia/Studio Foto/Dubbing/Ruang Rapat)',529),(2906,17,'perlu disosialisasikan lagi',529),(2907,18,'Dikelola dengan Baik',529),(2908,19,'Bersih',529),(2909,20,'Bersih',529),(2910,21,'Bersih',529),(2911,22,'Bersih',529),(2912,23,'Bersih',529),(2913,1,'Sangat Sesuai',530),(2914,4,'Sangat Mudah',530),(2915,5,'Sangat Cepat',530),(2916,6,'Sangat Wajar',530),(2917,7,'Sangat Sesuai',530),(2918,9,'Sangat Kompeten',530),(2919,10,'Divisi Kebersihan',530),(2920,11,'Sangat Sopan dan Ramah',530),(2921,12,'Sangat Baik',530),(2922,13,'Sangat efektif',530),(2923,15,'Perangkat komputer',530),(2924,16,'Layanan Cimahi Makerspace',530),(2925,17,'Kuantitas peserta kalau memungkinkan ditambah lagi.',530),(2926,18,'Dikelola dengan Baik',530),(2927,19,'Bersih',530),(2928,20,'Bersih',530),(2929,21,'Bersih',530),(2930,22,'Bersih',530),(2931,23,'Bersih',530),(2932,1,'Sesuai',531),(2933,4,'Mudah',531),(2934,5,'Cepat',531),(2935,6,'Wajar',531),(2936,7,'Sesuai',531),(2937,9,'Kompeten',531),(2938,10,'Divisi Kebersihan',531),(2939,11,'Sopan dan Ramah',531),(2940,12,'Cukup',531),(2941,13,'Efektif',531),(2942,15,'Sementara ini belum ada',531),(2943,16,'Layanan Sarana Prasarana Gedung Cimahi Techno Park dan BITC (Hall/Creative Corner/Ruang Kelas/Ruang Multimedia/Studio Foto/Dubbing/Ruang Rapat);Layanan Fokus (Foto Gratis Khusus UKM/IKM Kota Cimahi)',531),(2944,17,'Untuk meningkatkan promosi',531),(2945,18,'Dikelola dengan Baik',531),(2946,19,'Bersih',531),(2947,20,'Bersih',531),(2948,21,'Bersih',531),(2949,22,'Bersih',531),(2950,23,'Bersih',531),(2951,1,'Sangat Sesuai',532),(2952,4,'Mudah',532),(2953,5,'Cepat',532),(2954,6,'Wajar',532),(2955,7,'Sesuai',532),(2956,9,'Kompeten',532),(2957,10,'Divisi Kebersihan',532),(2958,11,'Sopan dan Ramah',532),(2959,12,'Baik',532),(2960,13,'Efektif',532),(2961,15,'Tambahan ruang meeting',532),(2962,16,'Layanan Sarana Prasarana Gedung Cimahi Techno Park dan BITC (Hall/Creative Corner/Ruang Kelas/Ruang Multimedia/Studio Foto/Dubbing/Ruang Rapat)',532),(2963,17,'Agar pelayanan lebih baik',532),(2964,18,'Berfungsi Kurang Maksimal',532),(2965,19,'Cukup Bersih',532),(2966,20,'Cukup Bersih',532),(2967,21,'Cukup Bersih',532),(2968,22,'Bersih',532),(2969,23,'Bersih',532),(2970,1,'Sesuai',533),(2971,4,'Mudah',533),(2972,5,'Cepat',533),(2973,6,'Wajar',533),(2974,7,'Sesuai',533),(2975,9,'Kompeten',533),(2976,10,'Divisi Teknisi',533),(2977,11,'Sopan dan Ramah',533),(2978,12,'Baik',533),(2979,13,'Efektif',533),(2980,15,'Layanan Akses Internet',533),(2981,16,'Layanan Sarana Prasarana Gedung Cimahi Techno Park dan BITC (Hall/Creative Corner/Ruang Kelas/Ruang Multimedia/Studio Foto/Dubbing/Ruang Rapat)',533),(2982,17,'Agar penggunaan layanan tersebut dapat lebih maksimal dengan fasilitas yang lebih mendukung. Fasilitas yang mendukung akan membuat penggunanya lebih merasa nyaman dan terbantu dalam kebutuhannya atas fasilitas yang digunakan',533),(2983,18,'Dikelola dengan Baik',533),(2984,19,'Bersih',533),(2985,20,'Bersih',533),(2986,21,'Bersih',533),(2987,22,'Bersih',533),(2988,23,'Bersih',533),(2989,1,'Sesuai',534),(2990,4,'Mudah',534),(2991,5,'Cepat',534),(2992,6,'Wajar',534),(2993,7,'Sesuai',534),(2994,9,'Kompeten',534),(2995,10,'Divisi Keamanan;Divisi Pelayanan;Divisi Teknisi',534),(2996,11,'Sopan dan Ramah',534),(2997,12,'Baik',534),(2998,13,'Efektif',534),(2999,15,'Kebersihan setiap pagi oleh OB perlu lebih ditingkatkan',534),(3000,16,'Layanan Sarana Prasarana Gedung Cimahi Techno Park dan BITC (Hall/Creative Corner/Ruang Kelas/Ruang Multimedia/Studio Foto/Dubbing/Ruang Rapat);Layanan Fokus (Foto Gratis Khusus UKM/IKM Kota Cimahi)',534),(3001,17,'Agar lebih nyaman untuk bekerja',534),(3002,18,'Dikelola dengan Baik',534),(3003,19,'Cukup Bersih',534),(3004,20,'Cukup Bersih',534),(3005,21,'Cukup Bersih',534),(3006,22,'Cukup Bersih',534),(3007,23,'Cukup Bersih',534),(3008,1,'Sangat Sesuai',535),(3009,4,'Sangat Mudah',535),(3010,5,'Sangat Cepat',535),(3011,6,'Wajar',535),(3012,7,'Sesuai',535),(3013,9,'Kompeten',535),(3014,10,'Divisi Kebersihan',535),(3015,11,'Sangat Sopan dan Ramah',535),(3016,12,'Sangat Baik',535),(3017,13,'Efektif',535),(3018,15,'Kebutuhan sarana prasarana sudah cukup sesuai dengan kebutuhan saat ini, mungkin bisa di terus dikembangkan dan dikelola dengan cukup baik',535),(3019,16,'Layanan Cimahi Makerspace',535),(3020,17,'untuk terus mengembangkan potensi anak anak muda di kota Cimahi dalam bidang seni dan design graphic',535),(3021,18,'Dikelola dengan Baik',535),(3022,19,'Bersih',535),(3023,20,'Bersih',535),(3024,21,'Bersih',535),(3025,22,'Bersih',535),(3026,23,'Bersih',535),(3027,1,'Sesuai',536),(3028,4,'Mudah',536),(3029,5,'Cepat',536),(3030,6,'Wajar',536),(3031,7,'Sesuai',536),(3032,9,'Kompeten',536),(3033,10,'Divisi Keamanan',536),(3034,11,'Sopan dan Ramah',536),(3035,12,'Baik',536),(3036,13,'Efektif',536),(3037,15,'-',536),(3038,16,'Layanan PKL/magang kerja/penelitian',536),(3039,17,'-',536),(3040,18,'Dikelola dengan Baik',536),(3041,19,'Bersih',536),(3042,20,'Bersih',536),(3043,21,'Bersih',536),(3044,22,'Bersih',536),(3045,23,'Bersih',536),(3046,1,'Sesuai',537),(3047,4,'Mudah',537),(3048,5,'Cepat',537),(3049,6,'Wajar',537),(3050,7,'Sesuai',537),(3051,9,'Kompeten',537),(3052,10,'Divisi Kebersihan',537),(3053,11,'Sopan dan Ramah',537),(3054,12,'Cukup',537),(3055,13,'Efektif',537),(3056,15,'toilet dan mushola yang bersih, nyaman, tidak kotor tidak berdebu',537),(3057,16,'Layanan Sarana Prasarana Gedung Cimahi Techno Park dan BITC (Hall/Creative Corner/Ruang Kelas/Ruang Multimedia/Studio Foto/Dubbing/Ruang Rapat)',537),(3058,17,'agar lebih nyaman dan presentatif',537),(3059,18,'Dikelola dengan Baik',537),(3060,19,'Cukup Bersih',537),(3061,20,'Cukup Bersih',537),(3062,21,'Cukup Bersih',537),(3063,22,'Bersih',537),(3064,23,'Bersih',537),(3065,1,'Sesuai',538),(3066,4,'Mudah',538),(3067,5,'Cepat',538),(3068,6,'Wajar',538),(3069,7,'Sesuai',538),(3070,8,'-',538),(3071,9,'Kompeten',538),(3072,10,'Divisi Kebersihan',538),(3073,11,'Sopan dan Ramah',538),(3074,12,'Cukup',538),(3075,13,'Efektif',538),(3076,14,'',538),(3077,15,'Informasi publikasi lebih banyak dan ruangan rest room lebih tertata',538),(3078,16,'Layanan Sarana Prasarana Gedung Cimahi Techno Park dan BITC (Hall/Creative Corner/Ruang Kelas/Ruang Multimedia/Studio Foto/Dubbing/Ruang Rapat)',538),(3079,17,'Untuk Meningkatkan hasil layanan lebih baik dan terinformasikan lebih luas',538),(3080,18,'Dikelola dengan Baik',538),(3081,19,'Cukup Bersih',538),(3082,20,'Cukup Bersih',538),(3083,21,'Cukup Bersih',538),(3084,22,'Cukup Bersih',538),(3085,23,'Cukup Bersih',538),(3086,1,'Sesuai',539),(3087,4,'Mudah',539),(3088,5,'Cepat',539),(3089,6,'Wajar',539),(3090,7,'Sesuai',539),(3091,8,'-',539),(3092,9,'Kompeten',539),(3093,10,'Divisi Kebersihan',539),(3094,11,'Sopan dan Ramah',539),(3095,12,'Baik',539),(3096,13,'Efektif',539),(3097,14,'',539),(3098,15,'Perlu peningkatan Modernisasi peralatan dan sarana prasarana pendukung',539),(3099,16,'Layanan Sarana Prasarana Gedung Cimahi Techno Park dan BITC (Hall/Creative Corner/Ruang Kelas/Ruang Multimedia/Studio Foto/Dubbing/Ruang Rapat)',539),(3100,17,'Untuk menunjukkan Technopark Cimahi berkualitas',539),(3101,18,'Dikelola dengan Baik',539),(3102,19,'Bersih',539),(3103,20,'Bersih',539),(3104,21,'Bersih',539),(3105,22,'Bersih',539),(3106,23,'Bersih',539),(3107,1,'Sesuai',540),(3108,4,'Mudah',540),(3109,5,'Cepat',540),(3110,6,'Wajar',540),(3111,7,'Sesuai',540),(3112,8,'-',540),(3113,9,'Kompeten',540),(3114,10,'Divisi Pelayanan',540),(3115,11,'Sopan dan Ramah',540),(3116,12,'Baik',540),(3117,13,'Efektif',540),(3118,14,'Supaya lebih efektif',540),(3119,15,'Meja tamu',540),(3120,16,'Layanan Sarana Prasarana Gedung Cimahi Techno Park dan BITC (Hall/Creative Corner/Ruang Kelas/Ruang Multimedia/Studio Foto/Dubbing/Ruang Rapat)',540),(3121,17,'Berhubungan dgn masyarakat',540),(3122,18,'Dikelola dengan Baik',540),(3123,19,'Bersih',540),(3124,20,'Bersih',540),(3125,21,'Bersih',540),(3126,22,'Bersih',540),(3127,23,'Bersih',540),(3128,1,'Sesuai',541),(3129,4,'Mudah',541),(3130,5,'Cepat',541),(3131,6,'Wajar',541),(3132,7,'Sesuai',541),(3133,8,'-',541),(3134,9,'Kompeten',541),(3135,10,'Divisi Kebersihan',541),(3136,11,'Sopan dan Ramah',541),(3137,12,'Baik',541),(3138,13,'Efektif',541),(3139,14,'Area khusus smoking area',541),(3140,15,'Layanan Sarana Prasarana Gedung Cimahi Techno Park dan BITC (Hall/Creative Corner/Ruang Kelas/Ruang Multimedia/Studio Foto/Dubbing/Ruang Rapat);Layanan Inkubasi Bisnis Teknologi 2024',541),(3141,16,'Menghadapi era digitalisasi',541),(3142,17,'Dikelola dengan Baik',541),(3143,18,'Bersih',541),(3144,19,'Bersih',541),(3145,20,'Bersih',541),(3146,21,'Bersih',541),(3147,22,'Bersih',541),(3148,23,'Bersih',541),(3149,1,'Sesuai',542),(3150,4,'Sangat Mudah',542),(3151,5,'Cepat',542),(3152,6,'Wajar',542),(3153,7,'Sesuai',542),(3154,8,'-',542),(3155,9,'Kompeten',542),(3156,10,'Divisi Kebersihan',542),(3157,11,'Sopan dan Ramah',542),(3158,12,'Baik',542),(3159,13,'Sangat efektif',542),(3160,14,'-',542),(3161,15,'Petugas kebersihan',542),(3162,16,'Layanan Sarana Prasarana Gedung Cimahi Techno Park dan BITC (Hall/Creative Corner/Ruang Kelas/Ruang Multimedia/Studio Foto/Dubbing/Ruang Rapat)',542),(3163,17,'Banyak kucing liar yang buang kotoran sembarangan sehingga mengganggu kenyamanan',542),(3164,18,'Dikelola dengan Baik',542),(3165,19,'Bersih',542),(3166,20,'Bersih',542),(3167,21,'Bersih',542),(3168,22,'Bersih',542),(3169,23,'Bersih',542),(3170,1,'Sesuai',543),(3171,4,'Mudah',543),(3172,5,'Cepat',543),(3173,6,'Wajar',543),(3174,7,'Sesuai',543),(3175,8,'-',543),(3176,9,'Kompeten',543),(3177,10,'Divisi Pelayanan',543),(3178,11,'Sopan dan Ramah',543),(3179,12,'Baik',543),(3180,13,'Efektif',543),(3181,14,'Ac',543),(3182,15,'Layanan Sarana Prasarana Gedung Cimahi Techno Park dan BITC (Hall/Creative Corner/Ruang Kelas/Ruang Multimedia/Studio Foto/Dubbing/Ruang Rapat)',543),(3183,16,'Untuk kemajuan',543),(3184,17,'Dikelola dengan Baik',543),(3185,18,'Bersih',543),(3186,19,'Bersih',543),(3187,20,'Bersih',543),(3188,21,'Bersih',543),(3189,22,'Bersih',543),(3190,23,'Bersih',543),(3191,1,'Sangat Sesuai',544),(3192,4,'Sangat Mudah',544),(3193,5,'Sangat Cepat',544),(3194,6,'Sangat Wajar',544),(3195,7,'Sangat Sesuai',544),(3196,8,'-',544),(3197,9,'Sangat Kompeten',544),(3198,10,'Divisi Kebersihan',544),(3199,11,'Sangat Sopan dan Ramah',544),(3200,12,'Sangat Baik',544),(3201,13,'Sangat efektif',544),(3202,14,'Fasilitas sudah sangat baik hanya perlu dijaga dan dirawat',544),(3203,15,'Layanan Sarana Prasarana Gedung Cimahi Techno Park dan BITC (Hall/Creative Corner/Ruang Kelas/Ruang Multimedia/Studio Foto/Dubbing/Ruang Rapat);Layanan Cimahi Makerspace,;Layanan Fokus (Foto Gratis Khusus UKM/IKM Kota Cimahi)',544),(3204,16,'Agar lebih banyak lagi masyarakat yang merasakan manfaat fasilitas tersebut',544),(3205,17,'Dikelola dengan Baik',544),(3206,18,'Bersih',544),(3207,19,'Bersih',544),(3208,20,'Bersih',544),(3209,21,'Bersih',544),(3210,22,'Bersih',544),(3211,23,'Bersih',544),(3212,1,'Sesuai',545),(3213,4,'Mudah',545),(3214,5,'Cepat',545),(3215,6,'Wajar',545),(3216,7,'Sesuai',545),(3217,8,'Tidak ada',545),(3218,9,'Kompeten',545),(3219,10,'Divisi Kebersihan',545),(3220,11,'Sopan dan Ramah',545),(3221,12,'Baik',545),(3222,13,'Efektif',545),(3223,14,'TDK ada',545),(3224,15,'Kursi karena apabila ada kegiatan yg pesertanya banyak kursi kurang memadai',545),(3225,16,'Layanan Sarana Prasarana Gedung Cimahi Techno Park dan BITC (Hall/Creative Corner/Ruang Kelas/Ruang Multimedia/Studio Foto/Dubbing/Ruang Rapat)',545),(3226,17,'Aoditoriumnya perlu diperluas',545),(3227,18,'Dikelola dengan Baik',545),(3228,19,'Cukup Bersih',545),(3229,20,'Tidak Bersih',545),(3230,21,'Tidak Bersih',545),(3231,22,'Tidak Bersih',545),(3232,23,'Tidak Bersih',545),(3233,1,'Sangat Sesuai',546),(3234,4,'Sangat Mudah',546),(3235,5,'Sangat Cepat',546),(3236,6,'Sangat Wajar',546),(3237,7,'Sangat Sesuai',546),(3238,8,'Tidak ada',546),(3239,9,'Sangat Kompeten',546),(3240,10,'Divisi Keamanan',546),(3241,11,'Sangat Sopan dan Ramah',546),(3242,12,'Sangat Baik',546),(3243,13,'Sangat Efektif',546),(3244,14,'Tidak ada',546),(3245,15,'Sarana Prasarana Gedung Cimahi Techno Park dan BITC (Hall/Creative Corner/Ruang Kelas/Ruang Multimedia/Studio Foto/Dubbing/Ruang Rapat)',546),(3246,16,'Perlu ditingkatkan agar pelayanan pembelajaran siswa lebih nyaman sehingga dapat meningkatkan motivasi belajar',546),(3247,17,'Dikelola dengan Baik',546),(3248,18,'Bersih',546),(3249,19,'Bersih',546),(3250,20,'Bersih',546),(3251,21,'Bersih',546),(3252,22,'Bersih',546),(3253,23,'Bersih',546),(3254,1,'Sesuai',547),(3255,4,'Mudah',547),(3256,5,'Cepat',547),(3257,6,'Wajar',547),(3258,7,'Sesuai',547),(3259,8,'Tidak ada',547),(3260,9,'Kompeten',547),(3261,10,'Divisi Kebersihan',547),(3262,11,'Sopan dan Ramah',547),(3263,12,'Baik',547),(3264,13,'Kurang efektif',547),(3265,14,'Sering eror',547),(3266,15,'Sarana Prasarana Gedung Cimahi Techno Park dan BITC (Hall/Creative Corner/Ruang Kelas/Ruang Multimedia/Studio Foto/Dubbing/Ruang Rapat)',547),(3267,16,'Banyak sarana prasarana yg sdh rusak',547),(3268,17,'Berfungsi Kurang Maksimal',547),(3269,18,'Bersih',547),(3270,19,'Bersih',547),(3271,20,'Bersih',547),(3272,21,'Bersih',547),(3273,22,'Bersih',547),(3274,23,'Tidak ada',547),(3275,1,'Sangat Sesuai',548),(3276,4,'Sangat Mudah',548),(3277,5,'Sangat Cepat',548),(3278,6,'Sangat Wajar',548),(3279,7,'Sangat Sesuai',548),(3280,8,'Tidak ada',548),(3281,9,'Kompeten',548),(3282,10,'Divisi Kebersihan',548),(3283,11,'Sopan dan Ramah',548),(3284,12,'Baik',548),(3285,13,'Efektif',548),(3286,14,'Kebersihan toilet dan kerapihan di dalam ruangan gedung CTP (pada saat ruangan digunakan mohon barang yang tidak digunakan sebaiknya tidak disimpan di dalam ruangan)',548),(3287,15,'Layanan Sarana Prasarana Gedung Cimahi Techno Park dan BITC (Hall/Creative Corner/Ruang Kelas/Ruang Multimedia/Studio Foto/Dubbing/Ruang Rapat)',548),(3288,16,'Agar lebih nyaman pada saat menggunakan gedung untuk acara',548),(3289,17,'Dikelola dengan Baik',548),(3290,18,'Bersih',548),(3291,19,'Bersih',548),(3292,20,'Bersih',548),(3293,21,'Bersih',548),(3294,22,'Bersih',548),(3295,23,'Tidak ada',548),(3296,1,'Sesuai',549),(3297,4,'Mudah',549),(3298,5,'Cepat',549),(3299,6,'Wajar',549),(3300,7,'Sesuai',549),(3301,8,'Tidak ada',549),(3302,9,'Kompeten',549),(3303,10,'Divisi Kebersihan',549),(3304,11,'Sopan dan Ramah',549),(3305,12,'Baik',549),(3306,13,'Efektif',549),(3307,14,'Wifinya lebih ditingkatkan lagi agar tidak lemot',549),(3308,15,'Layanan Sarana Prasarana Gedung Cimahi Techno Park dan BITC (Hall/Creative Corner/Ruang Kelas/Ruang Multimedia/Studio Foto/Dubbing/Ruang Rapat)',549),(3309,16,'Kursinya perlu dibanyakin lagi buat working space supaya ga ribet bawa kursi sendiri',549),(3310,17,'Dikelola dengan Baik',549),(3311,18,'Bersih',549),(3312,19,'Bersih',549),(3313,20,'Bersih',549),(3314,21,'Bersih',549),(3315,22,'Bersih',549),(3316,23,'Tidak ada',549);
/*!40000 ALTER TABLE `jawaban` ENABLE KEYS */;
UNLOCK TABLES;

--
-- Table structure for table `keluhan`
--

DROP TABLE IF EXISTS `keluhan`;
/*!40101 SET @saved_cs_client     = @@character_set_client */;
/*!50503 SET character_set_client = utf8mb4 */;
CREATE TABLE `keluhan` (
  `id` int NOT NULL AUTO_INCREMENT,
  `name` varchar(50) NOT NULL,
  `email` varchar(50) DEFAULT NULL,
  `categories` varchar(50) NOT NULL,
  `phone` varchar(50) NOT NULL,
  `facilities` varchar(50) NOT NULL,
  `assign_to` varchar(20) DEFAULT NULL,
  `media` varchar(255) DEFAULT NULL,
  `status` varchar(10) DEFAULT NULL,
  `isikeluhan` varchar(255) NOT NULL,
  `createAt` datetime NOT NULL,
  PRIMARY KEY (`id`),
  KEY `idx_keluhan_categories` (`categories`)
) ENGINE=InnoDB AUTO_INCREMENT=5 DEFAULT CHARSET=utf8mb3;
/*!40101 SET character_set_client = @saved_cs_client */;

--
-- Dumping data for table `keluhan`
--

LOCK TABLES `keluhan` WRITE;
/*!40000 ALTER TABLE `keluhan` DISABLE KEYS */;
INSERT INTO `keluhan` VALUES (1,'Nur Faid Prasetyo','novacyber.jr@gmail.com','pegawai','+6289662966963','prasarana','technician','keluhan/1730489477862-WhatsApp Image 2024-10-31 at 12.28.18_44f5219a.jpg','Selesai','testesttest','2024-11-02 02:31:17'),(2,'Nur Faid Prasetyo','novacyber.jr@gmail.com','pegawai','+6289662966963','prasarana','cleaning_service','keluhan/1730489629837-WhatsApp Image 2024-10-31 at 12.28.18_44f5219a.jpg','Selesai','testesttest','2024-11-02 02:33:49'),(3,'Nur Faid Prasetyo','novacyber.jr@gmail.com','pegawai','+6289662966963','prasarana','customer_service','keluhan/1730489934901-WhatsApp Image 2024-10-31 at 12.28.18_44f5219a.jpg','Selesai','testesttest','2024-11-02 02:38:54'),(4,'Nur Faid Prasetyo','novacyber.jr@gmail.com','pegawai','+6289662966963','prasarana',NULL,'keluhan/1730490052307-WhatsApp Image 2024-10-31 at 12.28.18_44f5219a.jpg','Pending','testesttest','2024-11-02 02:40:52');
/*!40000 ALTER TABLE `keluhan` ENABLE KEYS */;
UNLOCK TABLES;

--
-- Table structure for table `pembayaran`
--

DROP TABLE IF EXISTS `pembayaran`;
/*!40101 SET @saved_cs_client     = @@character_set_client */;
/*!50503 SET character_set_client = utf8mb4 */;
CREATE TABLE `pembayaran` (
  `ID_Transaksi` varchar(100) NOT NULL,
  `Metode_Pembayaran` varchar(30) NOT NULL,
  `Tanggal_Bayar` varchar(50) NOT NULL,
  `Jumlah_Bayar` varchar(14) NOT NULL,
  PRIMARY KEY (`ID_Transaksi`)
) ENGINE=InnoDB DEFAULT CHARSET=utf8mb4 COLLATE=utf8mb4_0900_ai_ci;
/*!40101 SET character_set_client = @saved_cs_client */;

--
-- Dumping data for table `pembayaran`
--

LOCK TABLES `pembayaran` WRITE;
/*!40000 ALTER TABLE `pembayaran` DISABLE KEYS */;
INSERT INTO `pembayaran` VALUES ('order-1727072618288','bank_transfer','2024-09-23 13:23:59','550000.00'),('order-1727077207985','qris','2024-09-23 14:40:02','850000.00'),('order-1727078987433','qris','2024-09-23 15:09:39','550000.00'),('order-1727079668760','qris','2024-09-23 15:20:58','550000.00'),('order-1727080647745','qris','2024-09-23 15:37:15','550000.00'),('order-1727266253120','qris','2024-09-25 19:11:17','1100000.00'),('order-1727762532270','qris','2024-10-01 13:02:42','550000.00'),('order-1727764064894','qris','2024-10-01 13:27:50','1100000.00'),('order-1727765636362','qris','2024-10-01 13:54:06','1100000.00'),('order-1727792114042','qris','2024-10-01 21:15:32','550000.00'),('order-1727795292344','qris','2024-10-01 22:08:20','550000.00'),('order-1727846106593','bank_transfer','2024-10-02 12:15:16','121380000.00'),('order-1727846154768','qris','2024-10-02 12:16:10','550000.00'),('order-1728304037908','qris','2024-10-07 19:27:58','550000.00');
/*!40000 ALTER TABLE `pembayaran` ENABLE KEYS */;
UNLOCK TABLES;

--
-- Table structure for table `pemesanan`
--

DROP TABLE IF EXISTS `pemesanan`;
/*!40101 SET @saved_cs_client     = @@character_set_client */;
/*!50503 SET character_set_client = utf8mb4 */;
CREATE TABLE `pemesanan` (
  `ID_Pemesanan` int NOT NULL AUTO_INCREMENT,
  `ID_User` int NOT NULL,
  `ID_Ruangan` varchar(10) NOT NULL,
  `ID_Transaksi` varchar(100) NOT NULL,
  `Durasi` varchar(10) NOT NULL,
  `Tanggal_Sewa` date NOT NULL,
  `Akhir_Sewa` date NOT NULL,
  PRIMARY KEY (`ID_Pemesanan`),
  KEY `ID_Ruangan` (`ID_Ruangan`),
  KEY `pemesanan_ibfk_1_idx` (`ID_User`),
  KEY `pemesanan_ibfk_4_idx` (`ID_Transaksi`),
  CONSTRAINT `pemesanan_ibfk_1` FOREIGN KEY (`ID_User`) REFERENCES `user` (`ID_User`),
  CONSTRAINT `pemesanan_ibfk_2` FOREIGN KEY (`ID_Transaksi`) REFERENCES `pembayaran` (`ID_Transaksi`) ON DELETE RESTRICT ON UPDATE RESTRICT,
  CONSTRAINT `pemesanan_ibfk_3` FOREIGN KEY (`ID_Ruangan`) REFERENCES `ruangan` (`ID_Ruangan`)
) ENGINE=InnoDB AUTO_INCREMENT=13 DEFAULT CHARSET=utf8mb4 COLLATE=utf8mb4_0900_ai_ci;
/*!40101 SET character_set_client = @saved_cs_client */;

--
-- Dumping data for table `pemesanan`
--

LOCK TABLES `pemesanan` WRITE;
/*!40000 ALTER TABLE `pemesanan` DISABLE KEYS */;
INSERT INTO `pemesanan` VALUES (2,18,'1','order-1727079668760','1 bulan','0000-00-00','0000-00-00'),(3,19,'1','order-1727080647745','1 bulan','0000-00-00','0000-00-00'),(4,20,'3','order-1727266253120','1 bulan','0000-00-00','0000-00-00'),(5,21,'1','order-1727762532270','1 bulan','2024-10-03','2024-11-03'),(6,22,'3','order-1727764064894','1 tahun','2024-10-03','2025-10-03'),(7,23,'3','order-1727765636362','1 tahun','2024-10-03','2025-10-03'),(8,24,'1','order-1727792114042','1 bulan','2024-10-04','2024-11-04'),(9,25,'1','order-1727795292344','1 bulan','2024-10-12','2024-11-12'),(10,27,'2','order-1727846106593','12 bulan','2024-10-04','2025-10-04'),(11,28,'1','order-1727846154768','1 bulan','2024-10-03','2024-11-03'),(12,29,'1','order-1728304037908','1 bulan','2024-10-08','2024-11-08');
/*!40000 ALTER TABLE `pemesanan` ENABLE KEYS */;
UNLOCK TABLES;

--
-- Table structure for table `pertanyaan`
--

DROP TABLE IF EXISTS `pertanyaan`;
/*!40101 SET @saved_cs_client     = @@character_set_client */;
/*!50503 SET character_set_client = utf8mb4 */;
CREATE TABLE `pertanyaan` (
  `id` int NOT NULL AUTO_INCREMENT,
  `pertanyaan` varchar(255) NOT NULL,
  PRIMARY KEY (`id`)
) ENGINE=InnoDB AUTO_INCREMENT=24 DEFAULT CHARSET=utf8mb4 COLLATE=utf8mb4_0900_ai_ci;
/*!40101 SET character_set_client = @saved_cs_client */;

--
-- Dumping data for table `pertanyaan`
--

LOCK TABLES `pertanyaan` WRITE;
/*!40000 ALTER TABLE `pertanyaan` DISABLE KEYS */;
INSERT INTO `pertanyaan` VALUES (1,'Menurut pendapat Bapak/Ibu/Sdr, bagaimana kesesuaian persyaratan pelayanan dengan jenis layanan yang diberikan?'),(4,'Menurut pendapat Bapak/Ibu/Sdr, bagaimana pemahaman tentang kemudahan prosedur pelayanan di Techno Park ini?'),(5,'Menurut pendapat Bapak/Ibu/Sdr, bagaimana kecepatan waktu (response time) dalam memberikan pelayanan?'),(6,'Menurut pendapat Bapak/Ibu/Sdr, bagaimana kewajaran biaya/tarif dalam pelayanan?'),(7,'Menurut pendapat Bapak/Ibu/Sdr, apakah layanan yang diakses/diberikan sesuai dengan aplikasi/sistem informasi layanannya?'),(8,'Jelaskan apa yang menyebabkan pelayanan yang diberikan tidak sesuai/kurang sesuai (apabila Bapak/Ibu/Sdr menjawab tidak sesuai/kurang sesuai)?'),(9,'Menurut pendapat Bapak/Ibu/Sdr, bagaimana kompetensi/kemampuan petugas dalam pelayanan?'),(10,'Sebutkan divisi mana yang perlu ditingkatkan kompetensi/kemampuannya.'),(11,'Menurut pendapat Bapak/Ibu/Sdr, bagaimana perilaku petugas dalam pelayanan terkait kesopanan dan keramahan?'),(12,'Menurut pendapat Bapak/Ibu/Sdr, bagaimana kualitas sarana dan prasarana di Kawasan Sains dan Teknologi Cimahi Techno Park, dan Baros Information Technology Creative Center (BITC)?'),(13,'Menurut pendapat Bapak/Ibu/Sdr, bagaimana efektivitas aplikasi/sistem informasi peminjaman tempat yang memudahkan calon pengguna?'),(14,'Jelaskan apa yang menyebabkan aplikasi/sistem informasi dinilai tidak efektif/kurang efektif.'),(15,'Menurut pendapat Bapak/Ibu/Sdr, sarana prasarana apa yang sangat diperlukan untuk ditambah saat ini berdasarkan prioritas kebutuhan? Sebutkan.'),(16,'Menurut pendapat Bapak/Ibu/Sdr, layanan mana yang perlu ditingkatkan di UPTD. Cimahi Techno Park?'),(17,'Berikan alasan mengapa layanan yang dipilih perlu ditingkatkan.'),(18,'Menurut pendapat Bapak/Ibu/Sdr, bagaimana penanganan pengaduan pengguna layanan?'),(19,'Apakah ada diskriminasi pada pelayanan yang disampaikan di unit layanan ini?'),(20,'Apakah ada pelayanan di luar prosedur/ketentuan yang terindikasi kecurangan pada unit layanan ini?'),(21,'Apakah ada penerimaan imbalan berupa uang/barang/fasilitas di luar ketentuan yang berlaku?'),(22,'Apakah ada pungutan liar seperti permintaan pembayaran atas layanan yang diterima pengguna layanan di luar tarif resmi pada unit layanan ini?'),(23,'Apakah ada praktek percaloan/perantara yang tidak resmi yang diterapkan pada unit layanan ini?');
/*!40000 ALTER TABLE `pertanyaan` ENABLE KEYS */;
UNLOCK TABLES;

--
-- Table structure for table `questions`
--

DROP TABLE IF EXISTS `questions`;
/*!40101 SET @saved_cs_client     = @@character_set_client */;
/*!50503 SET character_set_client = utf8mb4 */;
CREATE TABLE `questions` (
  `id` int NOT NULL AUTO_INCREMENT,
  `pertanyaan` text NOT NULL,
  PRIMARY KEY (`id`)
) ENGINE=InnoDB AUTO_INCREMENT=14 DEFAULT CHARSET=utf8mb4 COLLATE=utf8mb4_0900_ai_ci;
/*!40101 SET character_set_client = @saved_cs_client */;

--
-- Dumping data for table `questions`
--

LOCK TABLES `questions` WRITE;
/*!40000 ALTER TABLE `questions` DISABLE KEYS */;
INSERT INTO `questions` VALUES (1,'Bagaimana tentang kesesuaian persyaratan pelayanan di Techno park?'),(2,'Bagaimana pemahaman tentang kemudahan prosedur pelayanan sarana di Techno Park ini?'),(3,'Bagaimana tentang kecepatan waktu (respon time) dalam memberikan pelayanan sarana di Techno Park?'),(4,'Bagaimana tentang kewajaran biaya/tarif dalam pelayanan penyewaan tempat di Techno Park?'),(5,'Apakah layanan Prasarana yang diakses/diberikan sesuai dengan aplikasi/sistem informasi layanannya?'),(6,'Bagaimana kompetensi/kemampuan petugas dalam pelayanan Teknisi?'),(7,'Bagaimana perilaku petugas dalam pelayanan terkait kesopanan dan keramahan?'),(8,'Bagaimana kualitas prasarana di Kawasan Sains dan Teknologi Cimahi Techno Park?'),(9,'Apakah ada diskriminasi pada pelayanan yang disampaikan di unit pelayanan?'),(10,'Apakah ada praktik percaloan atau perantara yang tidak resmi di unit pelayanan?'),(11,'Menurut pendapat Bapak/Ibu/Sdr, bagaimana efektifitas dari adanya aplikasi/sistem informasi peminjaman tempat yang memudahkan para calon pengguna di pelayanan Sarana'),(12,'Apakah Ada Pungutan Liar seperti Permintaan Pembayaran atas layanan yang diterima pengguna layanan diluar Tarif Resmi pada Unit Pelayanan?'),(13,'Apakah Ada Penerimaan Imbalan berupa uang/Barang/Fasilitas diluar Ketentuan yang Berlaku pada unit Prasarana?');
/*!40000 ALTER TABLE `questions` ENABLE KEYS */;
UNLOCK TABLES;

--
-- Table structure for table `responden`
--

DROP TABLE IF EXISTS `responden`;
/*!40101 SET @saved_cs_client     = @@character_set_client */;
/*!50503 SET character_set_client = utf8mb4 */;
CREATE TABLE `responden` (
  `id` int NOT NULL AUTO_INCREMENT,
  `nama` varchar(100) NOT NULL,
  `jenis_kelamin` enum('laki-laki','perempuan') NOT NULL,
  `umur` int NOT NULL,
  `pendidikan` enum('SD','SMP','SMA','SMK','D3','S1','S2','S3') NOT NULL,
  PRIMARY KEY (`id`)
) ENGINE=InnoDB DEFAULT CHARSET=utf8mb4 COLLATE=utf8mb4_0900_ai_ci;
/*!40101 SET character_set_client = @saved_cs_client */;

--
-- Dumping data for table `responden`
--

LOCK TABLES `responden` WRITE;
/*!40000 ALTER TABLE `responden` DISABLE KEYS */;
/*!40000 ALTER TABLE `responden` ENABLE KEYS */;
UNLOCK TABLES;

--
-- Table structure for table `ruangan`
--

DROP TABLE IF EXISTS `ruangan`;
/*!40101 SET @saved_cs_client     = @@character_set_client */;
/*!50503 SET character_set_client = utf8mb4 */;
CREATE TABLE `ruangan` (
  `ID_Ruangan` varchar(10) NOT NULL,
  `Type_Ruangan` varchar(10) NOT NULL,
  `Harga` float NOT NULL,
  PRIMARY KEY (`ID_Ruangan`)
) ENGINE=InnoDB DEFAULT CHARSET=utf8mb4 COLLATE=utf8mb4_0900_ai_ci;
/*!40101 SET character_set_client = @saved_cs_client */;

--
-- Dumping data for table `ruangan`
--

LOCK TABLES `ruangan` WRITE;
/*!40000 ALTER TABLE `ruangan` DISABLE KEYS */;
INSERT INTO `ruangan` VALUES ('1','Type 1',500000),('2','Type 2',800000),('3','Type 3',1100000),('4','Type 4',1500000);
/*!40000 ALTER TABLE `ruangan` ENABLE KEYS */;
UNLOCK TABLES;

--
-- Table structure for table `survey_responses`
--

DROP TABLE IF EXISTS `survey_responses`;
/*!40101 SET @saved_cs_client     = @@character_set_client */;
/*!50503 SET character_set_client = utf8mb4 */;
CREATE TABLE `survey_responses` (
  `id` int NOT NULL AUTO_INCREMENT,
  `responden_id` int NOT NULL,
  `questions_id` int NOT NULL,
  `answer` enum('0','1','2') NOT NULL,
  PRIMARY KEY (`id`)
) ENGINE=InnoDB DEFAULT CHARSET=utf8mb4 COLLATE=utf8mb4_0900_ai_ci;
/*!40101 SET character_set_client = @saved_cs_client */;

--
-- Dumping data for table `survey_responses`
--

LOCK TABLES `survey_responses` WRITE;
/*!40000 ALTER TABLE `survey_responses` DISABLE KEYS */;
/*!40000 ALTER TABLE `survey_responses` ENABLE KEYS */;
UNLOCK TABLES;

--
-- Table structure for table `user`
--

DROP TABLE IF EXISTS `user`;
/*!40101 SET @saved_cs_client     = @@character_set_client */;
/*!50503 SET character_set_client = utf8mb4 */;
CREATE TABLE `user` (
  `ID_User` int NOT NULL AUTO_INCREMENT,
  `Nama_Lengkap` varchar(50) NOT NULL,
  `Jenis_Kelamin` varchar(10) NOT NULL,
  `Email` varchar(50) NOT NULL,
  `No_Hp` varchar(20) NOT NULL,
  PRIMARY KEY (`ID_User`)
) ENGINE=InnoDB AUTO_INCREMENT=30 DEFAULT CHARSET=utf8mb4 COLLATE=utf8mb4_0900_ai_ci;
/*!40101 SET character_set_client = @saved_cs_client */;

--
-- Dumping data for table `user`
--

LOCK TABLES `user` WRITE;
/*!40000 ALTER TABLE `user` DISABLE KEYS */;
INSERT INTO `user` VALUES (1,'Abel Tesfaye','Laki','saveyourtears@gmail.com','+62-8651-819-1101'),(2,'Adam Lavine','Laki','AdamLavine@gmail.com','+62-8762-421-2091'),(3,'siddiq','Laki','siddiq@gmail.com','+62-8762-421-2091'),(4,'siddiq','Laki','siddiq@gmail.com','+62-8762-421-2091'),(5,'Muhammad Rizki Yanuar','Laki','ryanuar83@gmail.com','+62-8651-819-1101'),(6,'Muhammad Rizki Yanuar','Laki','ryanuar83@gmail.com','+62-8783-200-7073'),(7,'Natasha','Perempuan','oneway@gmail.com','+62-8888-981-9876'),(8,'Natasha','Perempuan','oneway@gmail.com','+62-8888-981-9876'),(9,'Natasha','Perempuan','oneway@gmail.com','+62-8888-981-9876'),(10,'Natasha','Perempuan','oneway@gmail.com','+62-8888-981-9876'),(11,'Natasha','Perempuan','oneway@gmail.com','+62-8888-981-9876'),(12,'Natasha','Perempuan','oneway@gmail.com','+62-8888-981-9876'),(13,'Natasha','Perempuan','oneway@gmail.com','+62-8888-981-9876'),(14,'Natasha','Perempuan','oneway@gmail.com','+62-8888-981-9876'),(15,'Natasha','Perempuan','oneway@gmail.com','+62-8888-981-9876'),(16,'Natasha','Perempuan','oneway@gmail.com','+62-8888-981-9876'),(17,'Kezia','Perempuan','Kezia@gmail.com','+62-8272-234-8361'),(18,'Kezia','Perempuan','Kezia@gmail.com','+62-8272-234-8361'),(19,'Natasha','Perempuan','oneway@gmail.com','088889819876'),(20,'Rendy Adhinata Kusuma','Laki','rendymobile45@gmail.com','+62 896-4795-3233'),(21,'Muhammad Rizki Yanuar','Laki','ryanuar83@gmail.com','+62 896-4795-3233'),(22,'Abel Tesfaye','Laki','saveyourtears@gmail.com','+62 896-4795-3233'),(23,'rendy','Laki','rendy@gmail.com','+62 896-4795-3233'),(24,'Natasha','Perempuan','Natasha@gmail.com','+62-8762-0981-223'),(25,'Jesslyn','Perempuan','Jesslyn12@gmail.com','+62-8651-9876-123'),(26,'sdad','Perempuan','ali@gmail.com','+6282127015777'),(27,'septian','Laki','rendymobile45@gmail.com','+62-8888-8888-888'),(28,'septian','Laki','rendymobile45@gmail.com','+62-8888-8888-888'),(29,'Jesslyn','Perempuan','Jesslyn12@gmail.com','+62-8651-9876-123');
/*!40000 ALTER TABLE `user` ENABLE KEYS */;
UNLOCK TABLES;

--
-- Table structure for table `users`
--

DROP TABLE IF EXISTS `users`;
/*!40101 SET @saved_cs_client     = @@character_set_client */;
/*!50503 SET character_set_client = utf8mb4 */;
CREATE TABLE `users` (
  `id` int NOT NULL AUTO_INCREMENT,
  `nama` varchar(255) NOT NULL,
  PRIMARY KEY (`id`)
) ENGINE=InnoDB AUTO_INCREMENT=550 DEFAULT CHARSET=utf8mb4 COLLATE=utf8mb4_0900_ai_ci;
/*!40101 SET character_set_client = @saved_cs_client */;

--
-- Dumping data for table `users`
--

LOCK TABLES `users` WRITE;
/*!40000 ALTER TABLE `users` DISABLE KEYS */;
INSERT INTO `users` VALUES (386,'Dani Hamdani'),(387,'Muhammad Rizki Yanuar'),(388,'Firza Rafiandi Andhika'),(389,'Yustika Dewi Sri'),(390,'Rendy'),(391,'Ambar'),(392,'Khoiriyah Siregar'),(393,'Firman Nur Budiman'),(394,'Iyan Sukmana'),(395,'Mia Nursanty'),(396,'Sinta Rahayu'),(397,'Eva Yohana'),(398,'PUSPA CITRA KEMALA/SUNDA DJATI'),(399,'Ben'),(400,'Riani'),(401,'Susi Yulianti SKM MAP'),(402,'Tito'),(403,'Rina Mulyani'),(404,'Randi'),(405,'Siti Lilis Kulsum'),(406,'Della Dwi Rizkiyanti'),(407,'BANGKIT'),(408,'Meli Muflihati'),(409,'A Irwan Fasihi'),(410,'COMBAT APYENCO YUNELLO'),(411,'Alya Nanda Novelina'),(412,'Muhammad Audra Fadia Rizky'),(413,'Teti'),(414,'Dewi Ariyani'),(415,'Dian Sri Redjeki'),(416,'Taufiq Hidayat'),(417,'Febrianzy Arloy'),(418,'Septian Yudha Nailendra'),(419,'Najmi Dinda Ayuni'),(420,'Raras Wangi Susani'),(421,'Roro Dyah Kusumaningtyas Nindyawati, M.Ds'),(422,'Ifebri Ramdani'),(423,'Dwina'),(424,'Marsya Aliya Orbita'),(425,'RACHMAT RAMADHAN'),(426,'Rasya Hilalun Nadhir'),(427,'Adec Setya Wulandari'),(428,'Kanaya Nursyafa Athaillah'),(429,'Alyssa Kirani Putri'),(430,'Maryam Nabila Ashfiyullah'),(431,'Kayla Pramesti Najwa Wibowo'),(432,'Iyus Maulus Taufiq'),(433,'Nazwa Bunga Renata'),(434,'Ryan Riyadi Satria Nagar'),(435,'Muthia Rahma Wati'),(436,'Kaylani Siti Latifah'),(437,'Anisa Dini Salamah'),(438,'Ival Ramzi Haikal'),(439,'RIA FITRIA'),(440,'Fachri Nur Aziz'),(441,'Muhammad Fikri Hendrawan'),(442,'Revanda Aditya Al Malik'),(443,'Ibaddilah Nurodin Fauzan'),(444,'Juliana Eka Putri'),(445,'Aprilia Puspitasari'),(446,'John Arindawati'),(447,'Yuma Akira Mazin Zimraan'),(448,'Prima Satria Wahyu'),(449,'Farrell Alghifari'),(450,'Eli Mulyani'),(451,'Chaerunisa'),(452,'Fariz Muhammad Rizwan'),(453,'Gini Nurhasanah'),(454,'Raya Airlya Alana'),(455,'Yuanita Indriyaningsih'),(456,'Fikri Nugraha'),(457,'Hani Handayani'),(458,'Tuti Indriani'),(459,'Nawan Tutu Syahlampah'),(460,'MOH. SAHLAN'),(461,'Muhamad Khairul Rahman'),(462,'Taufik Azhar Huaidy'),(463,'Entin Kartini'),(464,'Hasan Al Farisi'),(465,'Melinna'),(466,'Marsya Aliya Orbita'),(467,'Alyssa Kirani Putri'),(468,'Ifebri Ramdani'),(469,'Rachmat Ramadhan'),(470,'RIA FITRIA'),(471,'Jhansen Rio Vatar Siahaan'),(472,'AYYASYA AUFARA DIANDRA'),(473,'EUIS SITI NURLAELA'),(474,'Gio Harja Dinata'),(475,'Muhammad Fawwaz \'Ainurridho Al Shaleh'),(476,'Siti Masrukiati Ningsih'),(477,'Anahatta Ramadhina Rheva Prasetiya'),(478,'ANDIKA CAHYA HIDAYAT'),(479,'NAILAH RIFDAH SALMA HANDAYANI'),(480,'Fahru'),(481,'Permana Malik'),(482,'Ibrahim Adam'),(483,'Muhammad Panji Andhika'),(484,'Rizki Ahmad Prayoga'),(485,'Panji Sonjaya'),(486,'Yusa Fris Putra'),(487,'Adytia Purwo Wicaksono'),(488,'Ibaddilah Nurodin Fauzan'),(489,'Ashar Dewangga Wibowo'),(490,'Gemilang'),(491,'Siska Arista'),(492,'Risna Ardianti'),(493,'Yosva'),(494,'Nita Arianti'),(495,'Tiara Ayu Cahyani'),(496,'Dea Fitriani'),(497,'Reni Septia Syam'),(498,'JAGUR PRIA ABIYYU'),(499,'Agung Dwi Gumelar'),(500,'Riki Irawan'),(501,'Raditya'),(502,'Dani Irjayana'),(503,'Puri Aprilia'),(504,'Hemalia Anggraeni'),(505,'Yudi Rusmawan'),(506,'Rudy Setiawan'),(507,'Vemmy'),(508,'PT Bintang Telekomunikasi Indonesia'),(509,'Ramandhani'),(510,'Raihan'),(511,'Rizky Ramadhan'),(512,'Muhammad Fadli Fitriyan'),(513,'Rizki Lauardi'),(514,'Nur Salim'),(515,'Angga Mochamad Kamal'),(516,'Nita Arianti'),(517,'Muhamad Yusup Ramadhan'),(518,'Irma Julianti'),(519,'SAIFUL FARIS RIYADI'),(520,'Muhammad Randy Kurniawan'),(521,'Fithra Aditya Sumantri'),(522,'Nur Salim'),(523,'Priftama Sidik Tanjung'),(524,'WAFA SUBAGA'),(525,'Januar Rinaldi'),(526,'Priatna'),(527,'Azmi Roqi'),(528,'Yusuf Anwar'),(529,'Chun'),(530,'YULIUS RUDIANA'),(531,'Kiflan'),(532,'Dina Hanugrah Widhianjati'),(533,'Purba Upay Wijaya'),(534,'Hasan Al Farisi'),(535,'WILDAN ADITYA KUSUMAH'),(536,'ALIA FAZZA'),(537,'Nurul Anisa'),(538,'ARIES REZA B'),(539,'Fery Supriadi'),(540,'Eman'),(541,'Adnan'),(542,'Yenny Rahmawati'),(543,'Truly Rahmawati'),(544,'Muhammad Fikri Rasyid Mutaqin'),(545,'Sukatri'),(546,'Yana Cahya Kusumah'),(547,'Mia Nursanty'),(548,'Maya Hamida'),(549,'Putri Aulia');
/*!40000 ALTER TABLE `users` ENABLE KEYS */;
UNLOCK TABLES;
/*!40103 SET TIME_ZONE=@OLD_TIME_ZONE */;

/*!40101 SET SQL_MODE=@OLD_SQL_MODE */;
/*!40014 SET FOREIGN_KEY_CHECKS=@OLD_FOREIGN_KEY_CHECKS */;
/*!40014 SET UNIQUE_CHECKS=@OLD_UNIQUE_CHECKS */;
/*!40101 SET CHARACTER_SET_CLIENT=@OLD_CHARACTER_SET_CLIENT */;
/*!40101 SET CHARACTER_SET_RESULTS=@OLD_CHARACTER_SET_RESULTS */;
/*!40101 SET COLLATION_CONNECTION=@OLD_COLLATION_CONNECTION */;
/*!40111 SET SQL_NOTES=@OLD_SQL_NOTES */;

-- Dump completed on 2024-11-05  0:08:55
